name,best_affinity,z_score,hit_level,substructure,family,MW,LogP,HBA,HBD,TPSA,RotBonds,Rings,Carboxyl_count,Amide_count,Urea_count,smiles
NAFTAZONE,-8.339,-2.020432575262528,L1_Strong,Carbonyl,Other,215.212,0.9204000000000003,3,2,84.55000000000001,1,2,0,2,1,NC(=O)N/N=C1\C=Cc2ccccc2C1=O
PHENOBARBITAL,-8.299,-1.9917609053835796,L2_Moderate,Barbiturate,Other,232.23899999999995,0.7004,3,2,75.27000000000001,2,2,0,4,1,CCC1(c2ccccc2)C(=O)NC(=O)NC1=O
CYCLOBARBITAL,-7.826,-1.6527184090650242,L2_Moderate,Barbiturate,Other,236.271,1.2491999999999996,3,2,75.27000000000001,2,2,0,4,1,CCC1(C2=CCCCC2)C(=O)NC(=O)NC1=O
BUTALBITAL,-7.728,-1.5824728178616028,L2_Moderate,Barbiturate,Other,224.26,0.9609999999999999,3,2,75.27000000000001,4,1,0,4,1,C=CCC1(CC(C)C)C(=O)NC(=O)NC1=O
APROBARBITAL,-7.675,-1.5444828552719971,L2_Moderate,Barbiturate,Other,210.23299999999998,0.5709000000000001,3,2,75.27000000000001,3,1,0,4,1,C=CCC1(C(C)C)C(=O)NC(=O)NC1=O
BUTABARBITAL,-7.667,-1.5387485212962078,L2_Moderate,Barbiturate,Other,212.249,0.7948999999999999,3,2,75.27000000000001,3,1,0,4,1,CCC(C)C1(CC)C(=O)NC(=O)NC1=O
5-Hydroxytryptophan,-7.664,-0.8818325413503578,L3_Absolute,Amino_acid,Amino_acid,220.22799999999995,0.8278999999999999,3,4,99.33999999999999,3,2,1,0,0,C1=CC2=C(C=C1O)C(=CN2)CC(C(=O)O)N
TASIMELTEON,-7.661,-1.5344477708143651,L2_Moderate,Carbonyl,Other,245.32199999999995,2.2512,2,1,38.33,4,3,0,1,0,CCC(=O)NC[C@@H]1C[C@H]1c1cccc2c1CCO2
PRIMIDONE,-7.63,-1.512227226658181,L2_Moderate,Carbonyl,Other,218.25599999999994,0.5378999999999999,2,2,58.2,2,2,0,2,0,CCC1(c2ccccc2)C(=O)NCNC1=O
GLUTETHIMIDE,-7.611,-1.498608183465681,L3_Absolute,Carbonyl,Other,217.26799999999992,1.771,2,1,46.17,2,2,0,2,0,CCC1(c2ccccc2)CCC(=O)NC1=O
HYDROFLUMETHIAZIDE,-7.589,-1.4828387650322603,L3_Absolute,Sulfonamide,Other,331.29699999999997,0.014100000000000557,5,3,118.35999999999999,1,2,0,0,0,NS(=O)(=O)c1cc2c(cc1C(F)(F)F)NCNS2(=O)=O
AMOBARBITAL,-7.583,-1.478538014550418,L3_Absolute,Barbiturate,Other,226.27599999999998,1.1849999999999998,3,2,75.27000000000001,4,1,0,4,1,CCC1(CCC(C)C)C(=O)NC(=O)NC1=O
ESKETAMINE,-7.58,-1.4763876393094968,L3_Absolute,Carbonyl,Other,237.7299999999999,2.897800000000001,2,1,29.1,2,2,0,0,0,CN[C@]1(c2ccccc2Cl)CCCCC1=O
MEPHOBARBITAL,-7.564,-1.4649189713579178,L3_Absolute,Barbiturate,Other,246.26599999999993,1.0426,3,1,66.48,2,2,0,4,1,CCC1(c2ccccc2)C(=O)NC(=O)N(C)C1=O
PENTOBARBITAL,-7.488,-1.4104427985879175,L3_Absolute,Barbiturate,Other,226.276,1.1849999999999998,3,2,75.27000000000001,4,1,0,4,1,CCCC(C)C1(CC)C(=O)NC(=O)NC1=O
TETRAHYDROZOLINE,-7.468,-1.3961069636484436,L3_Absolute,Imidazoline,Other,200.285,2.1082,2,1,24.39,1,3,0,0,0,c1ccc2c(c1)CCCC2C1=NCCN1
MEPHENYTOIN,-7.395,-1.343781166119364,L3_Absolute,Hydantoin/Ureide,Other,218.25599999999994,1.4735000000000003,2,1,49.410000000000004,2,2,0,3,1,CCC1(c2ccccc2)NC(=O)N(C)C1=O
DEBRISOQUIN,-7.385,-1.3366132486496272,L3_Absolute,Guanidine,Other,175.23499999999999,0.9381699999999995,1,2,53.11000000000001,0,2,0,0,0,N=C(N)N1CCc2ccccc2C1
DEXRAZOXANE,-7.378,-1.3315957064208117,L3_Absolute,Carbonyl,Other,268.27299999999997,-2.708299999999996,6,2,98.82,3,2,0,4,0,C[C@@H](CN1CC(=O)NC(=O)C1)N1CC(=O)NC(=O)C1
CENOBAMATE,-7.368,-1.3244277889510747,L3_Absolute,Carboxylic_acid,Other,267.67600000000004,1.1630999999999994,5,1,95.92000000000002,4,2,1,1,0,NC(=O)O[C@@H](Cn1ncnn1)c1ccccc1Cl
METYRAPONE,-7.358,-1.3172598714813375,L3_Absolute,Carbonyl,Other,226.279,2.637100000000001,3,0,42.85,3,2,0,0,0,CC(C)(C(=O)c1cccnc1)c1cccnc1
HYDRALAZINE,-7.344,-1.307224787023706,L3_Absolute,N-heterocycle,Other,160.17999999999998,0.9153999999999998,4,2,63.83,1,2,0,0,0,NNc1nncc2ccccc12
PHENACEMIDE,-7.292,-1.269951616181074,L3_Absolute,Carbonyl,Other,178.191,0.42399999999999954,2,2,72.19,2,1,0,3,1,NC(=O)NC(=O)Cc1ccccc1
Biotin_Sulfone,-7.255,-0.7817606299607576,L3_Absolute,Biotin_analog,Biotin_analog,276.31399999999996,-0.5215999999999992,4,3,112.57,5,2,1,2,1,C1C2C(C(S1(=O)=O)CCCCC(=O)O)NC(=O)N2
SECOBARBITAL,-7.243,-1.2348288205793636,L3_Absolute,Barbiturate,Other,238.28699999999998,1.3510999999999997,3,2,75.27000000000001,5,1,0,4,1,C=CCC1(C(C)CCC)C(=O)NC(=O)NC1=O
DICLOFENAC,-7.232,-1.226944111362653,L3_Absolute,Carboxylic_acid,Other,296.153,4.364100000000001,2,2,49.33,4,2,1,0,0,O=C(O)Cc1ccccc1Nc1c(Cl)cccc1Cl
CICLOPIROX,-7.213,-1.2133250681701526,L3_Absolute,N-heterocycle,Other,207.273,2.4417199999999992,2,1,42.230000000000004,1,2,0,0,0,Cc1cc(C2CCCCC2)n(O)c(=O)c1
RUFINAMIDE,-7.2,-1.2040067754594947,L3_Absolute,Carbonyl,Other,238.197,0.7035000000000001,3,1,73.80000000000001,3,2,0,1,0,NC(=O)c1cn(Cc2c(F)cccc2F)nn1
METHSUXIMIDE,-7.191,-1.1975556497367317,L3_Absolute,Succinimide,Other,203.241,1.333,2,0,37.38,1,2,0,2,0,CN1C(=O)CC(C)(c2ccccc2)C1=O
Diclofenac,-7.15,-0.7560697969634276,L3_Absolute,Carboxylic_acid,Other,296.153,4.364100000000001,2,2,49.33,4,2,1,0,0,C1=CC=C(C(=C1)CC(=O)O)NC2=C(C=CC=C2Cl)Cl
PEMOLINE,-7.13,-1.1538313531713362,L3_Absolute,Carbonyl,Other,176.17499999999998,0.5992000000000001,3,1,64.67999999999999,1,2,0,1,0,NC1=NC(=O)C(c2ccccc2)O1
LAMOTRIGINE,-7.106,-1.1366283512439677,L3_Absolute,N-heterocycle,Other,256.09599999999995,2.0098,5,2,90.71,1,2,0,0,0,Nc1nnc(-c2cccc(Cl)c2Cl)c(N)n1
TIPIRACIL,-7.078,-1.1165581823287047,L3_Absolute,N-heterocycle,Other,242.666,0.28967,3,3,92.81,2,2,0,0,0,N=C1CCCN1Cc1[nH]c(=O)[nH]c(=O)c1Cl
BELINOSTAT,-7.063,-1.105806306124099,L3_Absolute,Sulfonamide,Other,318.354,2.0060000000000002,4,3,95.5,5,2,0,1,0,O=C(/C=C/c1cccc(S(=O)(=O)Nc2ccccc2)c1)NO
BARBITAL,-7.045,-1.0929040546785729,L3_Absolute,Barbiturate,Other,184.195,0.15879999999999994,3,2,75.27000000000001,2,1,0,4,1,CCC1(CC)C(=O)NC(=O)NC1=O
PROXIBARBAL,-7.035,-1.085736137208836,L3_Absolute,Barbiturate,Other,226.23199999999997,-0.3142,4,3,95.5,4,1,0,4,1,C=CCC1(CC(C)O)C(=O)NC(=O)NC1=O
IBUDILAST,-7.025,-1.078568219739099,L3_Absolute,Carbonyl,Other,230.311,3.296400000000002,2,0,34.370000000000005,3,2,0,0,0,CC(C)C(=O)c1c(C(C)C)nn2ccccc12
AMINOGLUTETHIMIDE,-7.011,-1.068533135281467,L3_Absolute,Carbonyl,Other,232.28299999999996,1.3532,3,2,72.19,2,2,0,2,0,CCC1(c2ccc(N)cc2)CCC(=O)NC1=O
INDALPINE,-7.0,-1.0606484260647566,L5_Weak,N-heterocycle,Other,228.339,3.100100000000001,1,2,27.82,3,3,0,0,0,c1ccc2c(CCC3CCNCC3)c[nH]c2c1
RASAGILINE,-6.981,-1.0470293828722566,L4_BiotinLike,Other,Other,171.243,1.8967,1,1,12.03,2,2,0,0,0,C#CCN[C@@H]1CCc2ccccc21
METAXALONE,-6.971,-1.0398614654025198,L4_BiotinLike,Small_acid,Other,221.256,1.7906399999999998,3,1,47.56,3,2,1,1,0,Cc1cc(C)cc(OCC2CNC(=O)O2)c1
PHENMETRAZINE,-6.97,-1.039144673655546,L4_BiotinLike,Other,Other,177.247,1.736,2,1,21.259999999999998,1,2,0,0,0,CC1NCCOC1c1ccccc1
NITROXOLINE,-6.945,-1.021224879981204,L4_BiotinLike,N-heterocycle,Other,190.158,1.8485999999999996,4,1,76.26,1,2,0,0,0,O=[N+]([O-])c1ccc(O)c2ncccc12
Homobiotin,-6.944,-0.7056668293686654,L4_BiotinLike,Biotin_analog,Biotin_analog,258.34299999999996,1.1869,3,3,78.43,6,2,1,2,1,C1C2C(C(S1)CCCCCC(=O)O)NC(=O)N2
SULFAPYRIDINE,-6.921,-1.0040218780538357,L4_BiotinLike,Sulfonamide,Other,249.29500000000004,1.4646000000000001,4,2,85.08,3,2,0,0,0,Nc1ccc(S(=O)(=O)Nc2ccccn2)cc1
Desthiobiotin,-6.914,-0.6983265913694282,L4_BiotinLike,Small_acid,Biotin_analog,214.26499999999996,1.0914,2,3,78.43,6,1,1,2,1,CC1C(NC(=O)N1)CCCCCC(=O)O
TEGAFUR,-6.887,-0.9796509586567296,L4_BiotinLike,N-heterocycle,Other,200.16899999999998,-0.015300000000000313,3,1,64.09,1,2,0,0,0,O=c1[nH]c(=O)n(C2CCCO2)cc1F
BENZOYL PEROXIDE,-6.885,-0.9782173751627824,L4_BiotinLike,Dicarboxylic_acid,Other,242.23000000000002,2.615400000000001,4,0,52.6,2,2,2,0,0,O=C(OOC(=O)c1ccccc1)c1ccccc1
ATOMOXETINE,-6.883,-0.976783791668835,L4_BiotinLike,Other,Other,255.361,3.7246200000000034,2,1,21.259999999999998,6,2,0,0,0,CNCC[C@@H](Oc1ccccc1C)c1ccccc1
L-Tryptophan,-6.876,-0.6890289565703946,L4_BiotinLike,Amino_acid,Amino_acid,204.22899999999996,1.1222999999999996,2,3,79.11,3,2,1,0,0,C1=CC=C2C(=C1)C(=CN2)CC(C(=O)O)N
Biotin_Sulfoxide,-6.868,-0.687071559770598,L4_BiotinLike,Biotin_analog,Biotin_analog,260.31499999999994,-0.18769999999999964,3,3,95.5,5,2,1,2,1,C1C2C(C(S1(=O))CCCCC(=O)O)NC(=O)N2
ZONISAMIDE,-6.866,-0.964598331970282,L4_BiotinLike,Sulfonamide,Other,212.23000000000002,0.6163,4,1,86.19000000000001,2,2,0,0,0,NS(=O)(=O)Cc1noc2ccccc12
TRYPTOPHAN,-6.865,-0.9638815402233089,L4_BiotinLike,Amino_acid,Amino_acid,204.22899999999998,1.1223000000000003,2,3,79.11,3,2,1,0,0,N[C@@H](Cc1c[nH]c2ccccc12)C(=O)O
CARBARIL,-6.854,-0.955996831006598,L4_BiotinLike,Small_acid,Other,201.225,2.5580000000000007,2,1,38.33,1,2,1,1,0,CNC(=O)Oc1cccc2ccccc12
MENADIONE,-6.826,-0.9359266620913343,L4_BiotinLike,Carbonyl,Other,172.18299999999996,2.0119000000000002,2,0,34.14,0,2,0,0,0,CC1=CC(=O)c2ccccc2C1=O
TROPICAMIDE,-6.826,-0.9359266620913343,L4_BiotinLike,Carbonyl,Other,284.359,2.2062,3,1,53.43000000000001,6,2,0,1,0,CCN(Cc1ccncc1)C(=O)C(CO)c1ccccc1
BIOTIN,-6.816,-0.9287587446215976,L4_BiotinLike,Biotin_analog,Biotin_analog,244.31600000000003,0.7968000000000001,3,3,78.43,5,2,1,2,1,O=C(O)CCCC[C@@H]1SC[C@@H]2NC(=O)N[C@@H]21
BENZYL BENZOATE,-6.8,-0.9172900766700186,L4_BiotinLike,Small_acid,Other,212.248,3.0436000000000014,2,0,26.3,3,2,1,0,0,O=C(OCc1ccccc1)c1ccccc1
LOFEXIDINE,-6.783,-0.9051046169714664,L4_BiotinLike,Imidazoline,Other,259.13599999999997,2.7624000000000004,3,1,33.62,3,2,0,0,0,CC(Oc1c(Cl)cccc1Cl)C1=NCCN1
SOLRIAMFETOL,-6.763,-0.8907687820319922,L4_BiotinLike,Small_acid,Other,194.23400000000004,0.6517000000000001,3,2,78.34,4,1,1,1,0,NC(=O)OC[C@H](N)Cc1ccccc1
Biotin,-6.762,-0.6611360521732931,L4_BiotinLike,Biotin_analog,Biotin_analog,244.316,0.7968,3,3,78.43,5,2,1,2,1,C1C2C(C(S1)CCCCC(=O)O)NC(=O)N2
Flufenamic_Acid,-6.741,-0.6559978855738271,L5_Weak,Fenamate,Fenamate,281.233,4.1472000000000016,2,2,49.33,3,2,1,0,0,FC(F)(F)C1=CC=CC(=C1)NC2=CC=CC=C2C(=O)O
Norbiotin,-6.739,-0.655508536373878,L5_Weak,Biotin_analog,Biotin_analog,230.28900000000002,0.4067000000000001,3,3,78.43,4,2,1,2,1,C1C2C(C(S1)CCCC(=O)O)NC(=O)N2
MONOBENZONE,-6.736,-0.8714154048637025,L5_Weak,Other,Other,200.23700000000002,2.9712000000000014,2,1,29.46,3,2,0,0,0,Oc1ccc(OCc2ccccc2)cc1
SULFADIAZINE,-6.731,-0.8678314461288341,L5_Weak,Sulfonamide,Other,250.28300000000004,0.8596000000000001,5,2,97.97,3,2,0,0,0,Nc1ccc(S(=O)(=O)Nc2ncccn2)cc1
L-Phenylalanine,-6.721,-0.6511043935743357,L5_Weak,Amino_acid,Amino_acid,165.19199999999998,0.641,2,2,63.31999999999999,3,1,1,0,0,C1=CC=C(C=C1)CC(C(=O)O)N
Niflumic_Acid,-6.72,-0.6508597189743611,L5_Weak,Carboxylic_acid,Fenamate,282.22100000000006,3.542200000000002,3,2,62.22,3,2,1,0,0,FC(F)(F)C1=CC=NC(=C1)NC2=CC=CC=C2C(=O)O
TICLOPIDINE,-6.706,-0.8499116524544922,L5_Weak,Other,Other,263.793,3.959800000000002,2,0,3.24,2,3,0,0,0,Clc1ccccc1CN1CCc2sccc2C1
CHLORZOXAZONE,-6.699,-0.844894110225676,L5_Weak,N-heterocycle,Other,169.56699999999998,1.7745,2,1,46.0,0,2,0,0,0,O=c1[nH]c2cc(Cl)ccc2o1
COUMARIN,-6.687,-0.836292609261992,L5_Weak,Other,Other,146.14499999999998,1.793,2,0,30.21,0,2,0,0,0,O=c1ccc2ccccc2o1
DIAZOXIDE,-6.682,-0.8327086505271236,L5_Weak,Sulfonamide,Other,230.676,1.6818,3,1,58.53,0,2,0,0,0,CC1=Nc2ccc(Cl)cc2S(=O)(=O)N1
Aspirin,-6.676,-0.64009403657548,L5_Weak,Salicylate,Other,180.15899999999996,1.3101,3,1,63.60000000000001,2,1,2,0,0,CC(=O)OC1=CC=CC=C1C(=O)O
KETAMINE,-6.665,-0.8205231908285707,L5_Weak,Carbonyl,Other,237.7299999999999,2.897800000000001,2,1,29.1,2,2,0,0,0,CNC1(c2ccccc2Cl)CCCCC1=O
PHENSUXIMIDE,-6.651,-0.8104881063709388,L5_Weak,Succinimide,Other,189.214,1.1588999999999998,2,0,37.38,1,2,0,2,0,CN1C(=O)CC(c2ccccc2)C1=O
ETOMIDATE,-6.637,-0.800453021913307,L5_Weak,Small_acid,Other,244.294,2.669100000000001,3,0,44.12,4,2,1,0,0,CCOC(=O)c1cncn1[C@H](C)c1ccccc1
ACYCLOVIR,-6.632,-0.7968690631784386,L5_Weak,N-heterocycle,Other,225.20799999999997,-1.3318000000000003,6,3,119.04999999999998,4,2,0,0,0,Nc1nc2c(ncn2COCCO)c(=O)[nH]1
LOMUSTINE,-6.629,-0.7947186879375175,L5_Weak,Carbonyl,Other,233.69899999999996,2.2509000000000006,3,1,61.77,4,1,0,2,1,O=NN(CCCl)C(=O)NC1CCCCC1
MELATONIN,-6.609,-0.780382852998044,L5_Weak,Carbonyl,Other,232.28299999999996,1.8550999999999997,2,2,54.12,4,2,0,1,0,COc1ccc2[nH]cc(CCNC(C)=O)c2c1
CLAVULANIC ACID,-6.603,-0.7760821025162017,L5_Weak,Amino_acid,Carboxylic_acid,199.16199999999998,-1.0956,4,2,87.07000000000001,2,2,1,1,0,O=C(O)[C@H]1/C(=C/CO)O[C@@H]2CC(=O)N21
NAPHAZOLINE,-6.603,-0.7760821025162017,L5_Weak,Imidazoline,Other,210.28000000000003,2.3840000000000003,2,1,24.39,2,3,0,0,0,c1ccc2c(CC3=NCCN3)cccc2c1
NICOTINE,-6.603,-0.7760821025162017,L5_Weak,N-heterocycle,Other,162.236,1.8483,2,0,16.130000000000003,1,2,0,0,0,CN1CCC[C@H]1c1cccnc1
CLOBENZOREX,-6.597,-0.77178135203436,L5_Weak,Other,Other,259.78,4.060800000000003,1,1,12.03,5,2,0,0,0,CC(Cc1ccccc1)NCc1ccccc1Cl
FENCLOFENAC,-6.593,-0.7689141850464649,L5_Weak,Carboxylic_acid,Other,297.13699999999994,4.4128000000000025,2,1,46.53,4,2,1,0,0,O=C(O)Cc1ccccc1Oc1ccc(Cl)cc1Cl
NITISINONE,-6.583,-0.7617462675767283,L5_Weak,Carbonyl,Other,329.2300000000001,2.7346000000000013,5,0,94.35,3,2,0,0,0,O=C1CCCC(=O)C1C(=O)c1ccc(C(F)(F)F)cc1[N+](=O)[O-]
AMINOREX,-6.575,-0.7560119336009387,L5_Weak,Other,Other,162.19199999999998,1.0726,3,1,47.61,1,2,0,0,0,NC1=NCC(c2ccccc2)O1
Meclofenamic_Acid,-6.574,-0.6151372273780734,L5_Weak,Fenamate,Fenamate,261.708,4.090220000000002,2,2,49.33,3,2,1,0,0,CC1=CC=C(C(=C1)NC2=CC=CC=C2C(=O)O)Cl
PILOCARPINE,-6.571,-0.7531447666130436,L5_Weak,Small_acid,Other,208.261,1.1618000000000002,3,0,44.12,3,2,1,0,0,CC[C@@H]1C(=O)OC[C@@H]1Cc1cncn1C
MECLOFENAMIC ACID,-6.567,-0.7502775996251492,L5_Weak,Fenamate,Fenamate,296.153,4.743620000000003,2,2,49.33,3,2,1,0,0,Cc1ccc(Cl)c(Nc2ccccc2C(=O)O)c1Cl
DEXMEDETOMIDINE,-6.566,-0.7495608078781753,L5_Weak,N-heterocycle,Other,200.28500000000003,3.1783400000000013,1,1,28.68,2,2,0,0,0,Cc1cccc([C@H](C)c2c[nH]cn2)c1C
METHYPRYLON,-6.563,-0.747410432637254,L5_Weak,Carbonyl,Other,183.25099999999998,1.1278,2,1,46.17,2,1,0,1,0,CCC1(CC)C(=O)NCC(C)C1=O
TEMOZOLOMIDE,-6.538,-0.7294906389629122,L5_Weak,Carbonyl,Other,194.154,-2.078099999999999,5,1,108.17000000000002,1,2,0,1,0,Cn1nnc2c(C(N)=O)ncn2c1=O
Gemfibrozil,-6.534,-0.6053502433790905,L5_Weak,Carboxylic_acid,Other,250.33799999999994,3.573240000000002,2,1,46.53,6,1,1,0,0,CC1=CC(=C(C=C1)C)OCCCC(C)(C)C(=O)O
Oxaprozin,-6.532,-0.6048608941791415,L5_Weak,Small_acid,Other,217.22399999999993,2.3587999999999996,3,1,63.33,4,2,1,0,0,C1=CC=C(C=C1)C2=CC(=NO2)CCC(=O)O
MILNACIPRAN,-6.532,-0.7251898884810699,L5_Weak,Carbonyl,Other,246.35399999999998,1.7713999999999999,2,1,46.33,5,2,0,1,0,CCN(CC)C(=O)C1(c2ccccc2)CC1CN
PINDOLOL,-6.51,-0.7094204700476485,L5_Weak,N-heterocycle,Other,248.32600000000002,1.9055999999999995,3,3,57.279999999999994,6,2,0,0,0,CC(C)NCC(O)COc1cccc2[nH]ccc12
DIROXIMEL FUMARATE,-6.501,-0.7029693443248858,L5_Weak,Succinimide,Other,255.2259999999999,-0.592200000000001,6,0,89.98000000000002,5,1,2,2,0,COC(=O)/C=C/C(=O)OCCN1C(=O)CCC1=O
PRAMIPEXOLE,-6.497,-0.7001021773369906,L5_Weak,N-heterocycle,Other,211.33399999999997,1.5822,4,2,50.94,3,2,0,0,0,CCCN[C@H]1CCc2nc(N)sc2C1
PHENYL AMINOSALICYLATE,-6.485,-0.6915006763733067,L5_Weak,Salicylate,Other,229.23500000000004,2.1936,4,2,72.55000000000001,2,2,1,0,0,Nc1ccc(C(=O)Oc2ccccc2)c(O)c1
Hippuric_Acid,-6.485,-0.5933611879803365,L5_Weak,Amino_acid,Carboxylic_acid,179.17499999999998,0.501,2,2,66.4,3,1,1,1,0,C1=CC=CC=C1C(=O)NCC(=O)O
CEDAZURIDINE,-6.483,-0.6900670928793589,L5_Weak,Carbonyl,Other,268.216,-1.5664999999999996,5,4,102.26,2,2,0,2,1,O=C1N[C@H](O)CCN1[C@@H]1O[C@H](CO)[C@@H](O)C1(F)F
ISOCARBOXAZID,-6.468,-0.6793152166747537,L5_Weak,Carbonyl,Other,231.25500000000002,1.4176199999999997,4,2,67.16,4,2,0,1,0,Cc1cc(C(=O)NNCc2ccccc2)no1
CHLOROTHIAZIDE,-6.464,-0.6764480496868593,L5_Weak,Sulfonamide,Other,295.72900000000004,-0.0608999999999999,5,2,118.69,1,2,0,0,0,NS(=O)(=O)c1cc2c(cc1Cl)N=CNS2(=O)=O
ZILEUTON,-6.452,-0.6678465487231747,L5_Weak,Carbonyl,Other,236.29599999999996,2.7321999999999997,3,2,66.56,2,2,0,2,1,CC(c1cc2ccccc2s1)N(O)C(N)=O
THIAMYLAL,-6.439,-0.6585282560125167,L5_Weak,Carbonyl,Other,254.355,1.5159999999999998,3,2,58.2,5,1,0,2,0,C=CCC1(C(C)CCC)C(=O)NC(=S)NC1=O
PHENYLBUTANOIC ACID,-6.436,-0.6563778807715956,L5_Weak,Small_acid,Carboxylic_acid,164.204,2.0939,1,1,37.3,4,1,1,0,0,O=C(O)CCCc1ccccc1
Biotin_Methyl_Ester,-6.426,-0.5789253865818368,L5_Weak,Biotin_analog,Biotin_analog,258.34299999999996,0.8852,4,2,67.42999999999999,5,2,1,2,1,C1C2C(C(S1)CCCCC(=O)OC)NC(=O)N2
SULTHIAME,-6.404,-0.6334405448684376,L5_Weak,Sulfonamide,Other,290.36599999999993,0.2639999999999998,4,1,97.53999999999999,2,2,0,0,0,NS(=O)(=O)c1ccc(N2CCCCS2(=O)=O)cc1
BRIVARACETAM,-6.395,-0.6269894191456741,L5_Weak,Carbonyl,Other,212.29299999999995,0.8988999999999999,2,1,63.4,5,1,0,2,0,CCC[C@@H]1CC(=O)N([C@@H](CC)C(N)=O)C1
FENOPROFEN,-6.394,-0.6262726273987008,L5_Weak,Profens,Profens,242.274,3.6670000000000016,2,1,46.53,4,2,1,0,0,CC(C(=O)O)c1cccc(Oc2ccccc2)c1
Azelaic_Acid,-6.394,-0.5710957993826504,L5_Weak,Dicarboxylic_acid,Carboxylic_acid,202.25,2.2764,2,2,74.6,9,0,2,0,0,C(CCCCCCC(=O)O)CC(=O)O
ZOLEDRONIC ACID ANHYDROUS,-6.393,-0.6255558356517269,L5_Weak,N-heterocycle,Carboxylic_acid,272.09,-1.1154000000000002,4,5,153.10999999999999,4,1,0,0,0,O=P(O)(O)C(O)(Cn1ccnc1)P(=O)(O)O
MOLSIDOMINE,-6.393,-0.6255558356517269,L5_Weak,Small_acid,Other,242.23499999999993,0.09200000000000008,6,0,82.78000000000002,3,2,1,1,0,CCOC(=O)[N-]c1c[n+](N2CCOCC2)no1
ETHOTOIN,-6.392,-0.6248390439047535,L5_Weak,Hydantoin/Ureide,Other,204.22899999999998,1.2993999999999999,2,1,49.410000000000004,2,2,0,3,1,CCN1C(=O)NC(c2ccccc2)C1=O
CARTEOLOL,-6.374,-0.6119367924592267,L5_Weak,Carbonyl,Other,292.37899999999996,1.6990999999999998,4,3,70.58999999999999,5,2,0,1,0,CC(C)(C)NCC(O)COc1cccc2c1CCC(=O)N2
DEXMETHYLPHENIDATE,-6.361,-0.6026184997485687,L5_Weak,Profens,Other,233.31099999999995,2.0852999999999997,3,1,38.33,3,2,1,0,0,COC(=O)[C@H](c1ccccc1)[C@H]1CCCCN1
NITROFURAZONE,-6.36,-0.6019017080015955,L5_Weak,Carbonyl,Other,198.13799999999998,0.19000000000000006,5,2,123.76,3,1,0,2,1,NC(=O)N/N=C/c1ccc([N+](=O)[O-])o1
PROPAFENONE,-6.357,-0.5997513327606744,L5_Weak,Carbonyl,Other,341.4510000000001,3.2414000000000023,4,2,58.559999999999995,11,2,0,0,0,CCCNCC(O)COc1ccccc1C(=O)CCc1ccccc1
TYROSINE,-6.356,-0.5990345410137005,L5_Weak,Amino_acid,Amino_acid,181.19099999999997,0.3466,3,3,83.55,3,1,1,0,0,N[C@@H](Cc1ccc(O)cc1)C(=O)O
GABAPENTIN,-6.35,-0.5947337905318582,L5_Weak,Small_acid,Other,171.23999999999992,1.3702999999999994,2,2,63.32000000000001,3,1,1,0,0,NCC1(CC(=O)O)CCCCC1
AZELAIC ACID,-6.349,-0.5940169987848848,L5_Weak,Dicarboxylic_acid,Carboxylic_acid,188.22299999999998,1.8863,2,2,74.6,8,0,2,0,0,O=C(O)CCCCCCCC(=O)O
BENZPHETAMINE,-6.346,-0.5918666235439637,L5_Weak,Other,Other,239.36199999999997,3.7496000000000027,1,0,3.24,5,2,0,0,0,C[C@@H](Cc1ccccc1)N(C)Cc1ccccc1
DROXIDOPA,-6.346,-0.5918666235439637,L5_Weak,Amino_acid,Amino_acid,213.189,-0.4569000000000002,5,5,124.01000000000002,3,1,1,0,0,N[C@H](C(=O)O)[C@H](O)c1ccc(O)c(O)c1
MOLINDONE,-6.343,-0.5897162483030425,L5_Weak,Carbonyl,Other,276.38,1.96282,3,1,45.33,3,3,0,0,0,CCc1c(C)[nH]c2c1C(=O)C(CN1CCOCC1)CC2
Sebacic_Acid,-6.334,-0.5564153233841759,L5_Weak,Dicarboxylic_acid,Carboxylic_acid,216.277,2.6665,2,2,74.6,10,0,2,0,0,C(CCCCCCCC(=O)O)CC(=O)O
NITAZOXANIDE,-6.334,-0.5832651225802791,L5_Weak,Carboxylic_acid,Other,307.28700000000003,2.2289000000000003,7,1,111.43,4,2,1,1,0,CC(=O)Oc1ccccc1C(=O)Nc1ncc([N+](=O)[O-])s1
SECNIDAZOLE,-6.318,-0.5717964546287,L5_Weak,N-heterocycle,Other,185.183,0.4805199999999999,4,1,81.19,3,1,0,0,0,Cc1ncc([N+](=O)[O-])n1CC(C)O
PRACTOLOL,-6.309,-0.5653453289059372,L5_Weak,Carbonyl,Other,266.34099999999995,1.3826999999999992,4,3,70.59,7,1,0,1,0,CC(=O)Nc1ccc(OCC(O)CNC(C)C)cc1
Levodopa,-6.308,-0.550053783784837,L5_Weak,Amino_acid,Amino_acid,197.19,0.05219999999999969,4,4,103.78,3,1,1,0,0,C1=CC(=C(C=C1CC(C(=O)O)N)O)O
METHYLPHENIDATE,-6.295,-0.5553102444483053,L5_Weak,Profens,Other,233.31099999999995,2.0852999999999997,3,1,38.33,3,2,1,0,0,COC(=O)C(c1ccccc1)C1CCCCN1
LEVODOPA,-6.294,-0.5545934527013314,L5_Weak,Amino_acid,Amino_acid,197.18999999999997,0.052200000000000135,4,4,103.78000000000002,3,1,1,0,0,N[C@@H](Cc1ccc(O)c(O)c1)C(=O)O
Pantothenic_Acid,-6.283,-0.5439369187854729,L5_Weak,Small_acid,Carboxylic_acid,219.23699999999997,-1.0432999999999995,4,4,106.86,6,0,1,1,0,CC(C)(CO)C(O)C(=O)NCCC(=O)O
ZALCITABINE,-6.27,-0.5373904507739629,L5_Weak,N-heterocycle,Other,211.22099999999998,-0.5046000000000002,5,2,90.36999999999999,2,2,0,0,0,Nc1ccn([C@H]2CC[C@@H](CO)O2)c(=O)n1
THIOPENTAL,-6.268,-0.5359568672800157,L5_Weak,Carbonyl,Other,242.34400000000002,1.3498999999999999,3,2,58.2,4,1,0,2,0,CCCC(C)C1(CC)C(=O)NC(=S)NC1=O
ROPINIROLE,-6.261,-0.5309393250512,L5_Weak,Carbonyl,Other,260.3809999999999,2.845700000000001,2,1,32.34,7,2,0,1,0,CCCN(CCC)CCc1cccc2c1CC(=O)N2
RILUZOLE,-6.25,-0.5230546158344894,L5_Weak,N-heterocycle,Other,234.20199999999994,2.7771,4,1,48.14,1,2,0,0,0,Nc1nc2ccc(OC(F)(F)F)cc2s1
PROPRANOLOL,-6.239,-0.5151699066177787,L5_Weak,Other,Other,259.34900000000005,2.5775000000000006,3,2,41.489999999999995,6,2,0,0,0,CC(C)NCC(O)COc1cccc2ccccc12
LINDANE,-6.238,-0.5144531148708054,L5_Weak,Other,Other,290.832,3.644400000000001,0,0,0.0,0,1,0,0,0,Cl[C@H]1[C@H](Cl)[C@@H](Cl)[C@@H](Cl)[C@H](Cl)[C@H]1Cl
ISOSORBIDE MONONITRATE,-6.232,-0.5101523643889632,L5_Weak,Other,Other,191.13899999999998,-1.2782000000000004,6,1,91.06000000000002,2,2,0,0,0,O=[N+]([O-])O[C@@H]1CO[C@H]2[C@@H]1OC[C@@H]2O
L-Tyrosine,-6.23,-0.5309691649868206,L5_Weak,Amino_acid,Amino_acid,181.19099999999997,0.3465999999999994,3,3,83.55,3,1,1,0,0,C1=CC(=CC=C1CC(C(=O)O)N)O
MOXONIDINE,-6.227,-0.5065684056540948,L5_Weak,Guanidine,Other,241.68200000000002,0.8181199999999997,6,2,71.43,2,2,0,0,0,COc1nc(C)nc(Cl)c1NC1=NCCN1
HEXYLCAINE,-6.226,-0.5058516139071209,L5_Weak,Carboxylic_acid,Other,261.365,3.154200000000002,3,1,38.33,5,2,1,0,0,CC(CNC1CCCCC1)OC(=O)c1ccccc1
ACIPIMOX,-6.223,-0.5037012386661996,L5_Weak,Small_acid,Other,154.12499999999997,-0.2783799999999999,3,1,77.13,1,1,1,0,0,Cc1cnc(C(=O)O)c[n+]1[O-]
QUINETHAZONE,-6.222,-0.5029844469192264,L5_Weak,Sulfonamide,Other,289.74399999999997,0.8788000000000005,4,3,101.28999999999999,2,2,0,1,0,CCC1NC(=O)c2cc(S(N)(=O)=O)c(Cl)cc2N1
PIRFENIDONE,-6.217,-0.4994004881843573,L5_Weak,N-heterocycle,Other,185.22600000000003,2.1459200000000003,1,0,22.0,1,2,0,0,0,Cc1ccc(=O)n(-c2ccccc2)c1
EDARAVONE,-6.209,-0.4936661542085678,L5_Weak,Carbonyl,Other,174.20299999999995,1.7992,2,0,32.67,1,2,0,1,0,CC1=NN(c2ccccc2)C(=O)C1
Fenbufen,-6.207,-0.5253416491874052,L5_Weak,Carboxylic_acid,Other,268.31199999999995,3.129200000000001,2,1,54.370000000000005,6,2,1,0,0,C1=CC=C(C=C1)C(=O)CCC2=CC=C(C=C2)CC(=O)O
STAVUDINE,-6.198,-0.4857814449918577,L5_Weak,N-heterocycle,Other,224.21599999999998,-0.7090799999999999,4,2,84.32,2,2,0,0,0,Cc1cn([C@H]2C=C[C@@H](CO)O2)c(=O)[nH]c1=O
ETHOSUXIMIDE,-6.196,-0.4843478614979099,L5_Weak,Succinimide,Other,141.17,0.4491999999999999,2,1,46.17,1,1,0,2,0,CCC1(C)CC(=O)NC1=O
Hydrochlorothiazide,-6.178,-0.5182460857881427,L5_Weak,Sulfonamide,Other,297.745,-0.3512999999999999,5,3,118.36,1,2,0,0,0,C1NC2=CC(=C(C=C2S(=O)(=O)N1)S(=O)(=O)N)Cl
HYDROCHLOROTHIAZIDE,-6.152,-0.4528090246310678,L5_Weak,Sulfonamide,Other,297.74500000000006,-0.35129999999999967,5,3,118.35999999999999,1,2,0,0,0,NS(=O)(=O)c1cc2c(cc1Cl)NCNS2(=O)=O
OXYBENZONE,-6.144,-0.4470746906552783,L5_Weak,Carbonyl,Other,228.247,2.631800000000001,3,1,46.53,3,2,0,0,0,COc1ccc(C(=O)c2ccccc2)c(O)c1
MEPERIDINE,-6.141,-0.4449243154143572,L5_Weak,Profens,Other,247.33799999999994,2.2131,3,0,29.54,3,2,1,0,0,CCOC(=O)C1(c2ccccc2)CCN(C)CC1
Fluoxetine,-6.133,-0.5072357287892869,L5_Weak,Other,Other,309.33099999999996,4.435000000000003,2,1,21.259999999999998,6,2,0,0,0,CNCCC(C1=CC=CC=C1)OC2=CC=C(C=C2)C(F)(F)F
LEVOMILNACIPRAN,-6.131,-0.4377563979446204,L5_Weak,Carbonyl,Other,246.35399999999998,1.7713999999999999,2,1,46.33,5,2,0,1,0,CCN(CC)C(=O)[C@@]1(c2ccccc2)C[C@H]1CN
Tolfenamic_Acid,-6.127,-0.5057676811894394,L5_Weak,Fenamate,Fenamate,261.708,4.090220000000002,2,2,49.33,3,2,1,0,0,CC1=CC=CC(=C1NC2=CC=CC=C2C(=O)O)Cl
TOLAZOLINE,-6.127,-0.4348892309567254,L5_Weak,Imidazoline,Other,160.22000000000003,1.2308,2,1,24.39,2,2,0,0,0,c1ccc(CC2=NCCN2)cc1
Phenylacetic_Acid,-6.116,-0.503076260589719,L5_Weak,Small_acid,Carboxylic_acid,136.15,1.3137,1,1,37.3,2,1,1,0,0,C1=CC=CC=C1CC(=O)O
Tranexamic_Acid,-6.113,-0.5023422367897955,L5_Weak,Small_acid,Carboxylic_acid,157.21300000000002,0.8361000000000001,2,2,63.32000000000001,2,1,1,0,0,C1CC(CCC1CN)C(=O)O
TRANEXAMIC ACID,-6.112,-0.4241373547521203,L5_Weak,Small_acid,Carboxylic_acid,157.21299999999997,0.8361000000000001,2,2,63.32000000000001,2,1,1,0,0,NC[C@H]1CC[C@H](C(=O)O)CC1
VILOXAZINE,-6.112,-0.4241373547521203,L5_Weak,Other,Other,237.29899999999992,1.4525,4,1,39.72,5,2,0,0,0,CCOc1ccccc1OCC1CNCCO1
SULFALENE,-6.106,-0.4198366042702779,L5_Weak,Sulfonamide,Other,280.30899999999997,0.8681999999999999,6,2,107.2,4,2,0,0,0,COc1nccnc1NS(=O)(=O)c1ccc(N)cc1
ETHOXZOLAMIDE,-6.099,-0.4148190620414623,L5_Weak,Sulfonamide,Other,258.32399999999996,1.3424,5,1,82.28,3,2,0,0,0,CCOc1ccc2nc(S(N)(=O)=O)sc2c1
NEPAFENAC,-6.09,-0.4083679363186989,L5_Weak,Carbonyl,Other,254.289,1.5276,3,2,86.18,4,2,0,1,0,NC(=O)Cc1cccc(C(=O)c2ccccc2)c1N
Nabumetone,-6.079,-0.4940233003906599,L5_Weak,Carbonyl,Other,228.29099999999994,3.370000000000002,2,0,26.3,4,2,0,0,0,COC1=CC2=C(C=C1)C=C(C=C2)CCC(=O)C
TELBIVUDINE,-6.077,-0.399049643608041,L5_Weak,N-heterocycle,Other,242.23099999999997,-1.5142799999999992,5,3,104.54999999999998,2,2,0,0,0,Cc1cn([C@@H]2C[C@@H](O)[C@H](CO)O2)c(=O)[nH]c1=O
PRONETALOL,-6.077,-0.399049643608041,L5_Weak,Other,Other,229.323,2.871200000000001,2,2,32.26,4,2,0,0,0,CC(C)NCC(O)c1ccc2ccccc2c1
URACIL MUSTARD,-6.054,-0.3825634334276463,L5_Weak,N-heterocycle,Other,252.101,1.1718,5,2,69.48,5,1,0,0,0,Oc1ncc(N(CCCl)CCCl)c(O)n1
SULFATHIAZOLE,-6.053,-0.3818466416806724,L5_Weak,Sulfonamide,Other,255.32400000000004,1.5261,5,2,85.08,3,2,0,0,0,Nc1ccc(S(=O)(=O)Nc2nccs2)cc1
PHENDIMETRAZINE,-6.053,-0.3818466416806724,L5_Weak,Other,Other,191.27399999999994,2.0782,2,0,12.47,1,2,0,0,0,C[C@H]1[C@H](c2ccccc2)OCCN1C
DOBUTAMINE,-6.043,-0.3746787242109357,L5_Weak,Other,Other,301.386,2.956800000000002,4,4,72.72,7,2,0,0,0,CC(CCc1ccc(O)cc1)NCCc1ccc(O)c(O)c1
INAMRINONE,-6.033,-0.3675108067411989,L5_Weak,N-heterocycle,Other,187.202,1.0191,3,2,71.77,1,2,0,0,0,Nc1cc(-c2ccncc2)c[nH]c1=O
THIOGUANINE,-6.026,-0.3624932645123827,L5_Weak,N-heterocycle,Other,167.197,0.59769,4,3,83.38,0,2,0,0,0,Nc1nc2[nH]cnc2c(=S)[nH]1
PROPYLTHIOURACIL,-6.022,-0.3596260975244882,L5_Weak,N-heterocycle,Other,170.237,1.38499,2,2,48.65,2,1,0,0,0,CCCc1cc(=O)[nH]c(=S)[nH]1
Probenecid,-6.003,-0.4754280307925924,L5_Weak,Sulfonamide,Other,285.365,2.1955,3,1,74.68,7,1,1,0,0,CCCN(CCC)S(=O)(=O)C1=CC=C(C=C1)C(=O)O
PROPYLHEXEDRINE,-6.0,-0.3438566790910669,NonHit,Other,Other,155.28499999999997,2.564700000000001,1,1,12.03,3,1,0,0,0,CNC(C)CC1CCCCC1
NALIDIXIC ACID,-5.997,-0.3417063038501458,NonHit,Small_acid,Carboxylic_acid,232.23899999999998,1.4230200000000002,3,1,72.19,2,2,1,0,0,CCn1cc(C(=O)O)c(=O)c2ccc(C)nc21
HEPTABARBITAL,-5.997,-0.3417063038501458,NonHit,Barbiturate,Other,250.29799999999997,1.6392999999999995,3,2,75.27000000000001,2,2,0,4,1,CCC1(C2=CCCCCC2)C(=O)NC(=O)NC1=O
CHLORNAPHAZINE,-5.981,-0.3302376358985667,NonHit,Other,Other,268.187,4.123800000000003,1,0,3.24,5,2,0,0,0,ClCCN(CCCl)c1ccc2ccccc2c1
PRALIDOXIME,-5.969,-0.3216361349348827,NonHit,N-heterocycle,Other,137.162,0.3191999999999999,2,1,36.47,1,1,0,0,0,C[n+]1ccccc1C=NO
FLOXURIDINE,-5.964,-0.3180521762000144,NonHit,N-heterocycle,Other,246.194,-1.6836,5,3,104.55000000000001,2,2,0,0,0,O=c1[nH]c(=O)n([C@H]2C[C@H](O)[C@@H](CO)O2)cc1F
FAVIPIRAVIR,-5.962,-0.3166185927060665,NonHit,Carbonyl,Other,157.10399999999998,-0.5798000000000002,4,2,89.10000000000001,1,1,0,1,0,NC(=O)c1nc(F)cnc1O
PROTRIPTYLINE,-5.954,-0.310884258730277,NonHit,Other,Other,263.384,4.301900000000003,1,1,12.03,4,3,0,0,0,CNCCCC1c2ccccc2C=Cc2ccccc21
Suberic_Acid,-5.948,-0.4619709277939909,NonHit,Dicarboxylic_acid,Carboxylic_acid,174.19599999999997,1.4962,2,2,74.6,7,0,2,0,0,C(CCCCC(=O)O)CC(=O)O
KETOROLAC,-5.941,-0.3015659660196191,NonHit,Carboxylic_acid,Other,255.27299999999997,2.291,2,1,59.3,3,3,1,0,0,O=C(c1ccccc1)c1ccc2n1CCC2C(=O)O
LEVETIRACETAM,-5.939,-0.3001323825256718,NonHit,Carbonyl,Other,170.212,-0.12729999999999997,2,1,63.400000000000006,3,1,0,2,0,CC[C@@H](C(N)=O)N1CCCC1=O
CHLOROXINE,-5.928,-0.2922476733089612,NonHit,N-heterocycle,Other,214.051,3.2472000000000003,2,1,33.120000000000005,0,2,0,0,0,Oc1c(Cl)cc(Cl)c2cccnc12
Captopril,-5.924,-0.4560987373946012,NonHit,Amino_acid,Other,217.28999999999996,0.6279000000000001,3,2,57.61,3,1,1,1,0,CC(CS)C(=O)N1CCCC1C(=O)O
PHENOXYBENZAMINE,-5.919,-0.2857965475861977,NonHit,Other,Other,303.83299999999997,4.194900000000003,2,0,12.47,8,2,0,0,0,CC(COc1ccccc1)N(CCCl)Cc1ccccc1
THALIDOMIDE,-5.917,-0.2843629640922505,NonHit,Carbonyl,Other,258.23299999999995,0.08779999999999993,4,1,83.55000000000001,1,3,0,4,0,O=C1CCC(N2C(=O)c3ccccc3C2=O)C(=O)N1
CAPTOPRIL,-5.906,-0.2764782548755399,NonHit,Amino_acid,Other,217.28999999999996,0.6279000000000001,3,2,57.61,3,1,1,1,0,C[C@H](CS)C(=O)N1CCC[C@H]1C(=O)O
IFOSFAMIDE,-5.892,-0.2664431704179086,NonHit,Other,Other,261.08899999999994,1.884,2,1,41.57,5,1,0,0,0,O=P1(NCCCl)OCCCN1CCCl
Acetaminophen,-5.889,-0.4475351263954911,NonHit,Carbonyl,Other,151.165,1.3505999999999998,2,2,49.33,1,1,0,1,0,CC(=O)NC1=CC=C(C=C1)O
PRIMAQUINE,-5.882,-0.2592752529481713,NonHit,N-heterocycle,Other,259.35299999999995,2.782700000000001,4,2,60.17,6,2,0,0,0,COc1cc(NC(C)CCCN)c2ncccc2c1
PYRIMETHAMINE,-5.865,-0.2470897932496189,NonHit,N-heterocycle,Other,248.71700000000004,2.5238000000000005,4,2,77.82,2,2,0,0,0,CCc1nc(N)nc(N)c1-c1ccc(Cl)cc1
ETHIONAMIDE,-5.858,-0.2420722510208027,NonHit,N-heterocycle,Other,166.24900000000002,1.2782,2,1,38.91,2,1,0,0,0,CCc1cc(C(N)=S)ccn1
MEFENAMIC ACID,-5.856,-0.2406386675268555,NonHit,Fenamate,Fenamate,241.29,3.7452400000000017,2,2,49.33,3,2,1,0,0,Cc1cccc(Nc2ccccc2C(=O)O)c1C
Mefenamic_Acid,-5.855,-0.4392161899963557,NonHit,Fenamate,Fenamate,241.29000000000002,3.7452400000000017,2,2,49.33,3,2,1,0,0,CC1=CC=CC(=C1NC2=CC=CC=C2C(=O)O)C
DACARBAZINE,-5.854,-0.2392050840329083,NonHit,Carbonyl,Other,182.18699999999998,0.0688999999999999,4,2,99.72999999999999,3,1,0,1,0,CN(C)/N=N/c1[nH]cnc1C(N)=O
SAFINAMIDE,-5.809,-0.2069494554190923,NonHit,Carbonyl,Other,302.34900000000005,2.3681,3,2,64.35,7,2,0,1,0,C[C@H](NCc1ccc(OCc2cccc(F)c2)cc1)C(N)=O
Salicylic_Acid,-5.803,-0.4264931107976778,NonHit,Salicylate,Salicylate,138.12199999999999,1.0904,2,2,57.53,1,1,1,0,0,C1=CC=CC(=C1C(=O)O)O
Lisinopril,-5.799,-0.4255144123977796,NonHit,Amino_acid,Other,348.39900000000017,1.1261000000000003,4,3,106.94000000000001,8,2,2,1,0,CC(C(=O)O)NC(CCC1=CC=CC=C1)C(=O)N2CCCC2C(=O)O
ISONIAZID,-5.798,-0.1990647462023816,NonHit,Carbonyl,Other,137.142,-0.3149000000000006,3,2,68.00999999999999,1,1,0,1,0,NNC(=O)c1ccncc1
Isoniazid,-5.796,-0.4247803885978559,NonHit,Carbonyl,Other,137.14199999999997,-0.3149000000000001,3,2,68.01,1,1,0,1,0,C1=CC=NC=C1C(=O)NN
HEXESTROL,-5.792,-0.1947639957205393,NonHit,Other,Other,270.37199999999996,4.785200000000004,2,2,40.46,5,2,0,0,0,CC[C@H](c1ccc(O)cc1)[C@@H](CC)c1ccc(O)cc1
MEDIFOXAMINE,-5.78,-0.1861624947568553,NonHit,Other,Other,257.33299999999997,3.0321000000000016,3,0,21.700000000000003,6,2,0,0,0,CN(C)CC(Oc1ccccc1)Oc1ccccc1
LABETALOL,-5.778,-0.1847289112629075,NonHit,Carbonyl,Other,328.4120000000001,2.1353999999999997,4,4,95.57999999999998,8,2,0,1,0,CC(CCc1ccccc1)NCC(O)c1ccc(O)c(C(N)=O)c1
METRONIDAZOLE,-5.775,-0.1825785360219869,NonHit,N-heterocycle,Other,171.15599999999998,0.09201999999999994,4,1,81.19,3,1,0,0,0,Cc1ncc([N+](=O)[O-])n1CCO
TICRYNAFEN,-5.775,-0.1825785360219869,NonHit,Carboxylic_acid,Other,331.17600000000004,3.7493000000000016,4,1,63.6,5,2,1,0,0,O=C(O)COc1ccc(C(=O)c2cccs2)c(Cl)c1Cl
Metronidazole,-5.767,-0.4176848251985933,NonHit,N-heterocycle,Other,171.15599999999998,0.09201999999999982,4,1,81.19,3,1,0,0,0,CC1=NC=C(N1CCO)[N+](=O)[O-]
BENORILATE,-5.763,-0.1739770350583024,NonHit,Salicylate,Other,313.309,2.789500000000001,5,1,81.69999999999999,4,2,2,1,0,CC(=O)Nc1ccc(OC(=O)c2ccccc2OC(C)=O)cc1
PERFLUTREN,-5.757,-0.16967628457646,NonHit,Other,Other,188.017,2.7462999999999997,0,0,0.0,0,0,0,0,0,FC(F)(F)C(F)(F)C(F)(F)F
Pimelic_Acid,-5.755,-0.4147487299988983,NonHit,Dicarboxylic_acid,Carboxylic_acid,160.16899999999998,1.1061,2,2,74.6,6,0,2,0,0,C(CCCC(=O)O)CC(=O)O
CYCLOPHOSPHAMIDE ANHYDROUS,-5.748,-0.1632251588536972,NonHit,Other,Other,261.089,1.884,2,1,41.57000000000001,5,1,0,0,0,O=P1(N(CCCl)CCCl)NCCCO1
DIFLUNISAL,-5.724,-0.1460221569263287,NonHit,Salicylate,Other,250.19999999999996,3.035600000000001,2,2,57.53,2,2,1,0,0,O=C(O)c1cc(-c2ccc(F)cc2F)ccc1O
TILBROQUINOL,-5.719,-0.1424381981914603,NonHit,N-heterocycle,Other,238.08400000000003,3.0113200000000004,2,1,33.120000000000005,0,2,0,0,0,Cc1cc(Br)c(O)c2ncccc12
FLUMEXADOL,-5.708,-0.1345534889747496,NonHit,Other,Other,231.21699999999996,2.3663,2,1,21.259999999999998,1,2,0,0,0,FC(F)(F)c1cccc(C2CNCCO2)c1
FENOTEROL,-5.707,-0.1338366972277757,NonHit,Other,Other,303.358,2.0576,5,5,92.95,6,2,0,0,0,CC(Cc1ccc(O)cc1)NCC(O)c1cc(O)cc(O)c1
MINOXIDIL,-5.704,-0.1316863219868545,NonHit,N-heterocycle,Other,209.25300000000001,-0.13029999999999975,5,2,95.11,1,2,0,0,0,Nc1cc(N2CCCCC2)nc(N)[n+]1[O-]
METOPROLOL,-5.7,-0.1288191549989601,NonHit,Other,Other,267.36899999999997,1.6132,4,2,50.72,9,1,0,0,0,COCCc1ccc(OCC(O)CNC(C)C)cc1
TRIFLURIDINE,-5.685,-0.1180672787943543,NonHit,N-heterocycle,Other,296.20099999999996,-0.8039000000000001,5,3,104.55000000000001,2,2,0,0,0,O=c1[nH]c(=O)n([C@H]2C[C@H](O)[C@@H](CO)O2)cc1C(F)(F)F
CYCLOPENTOLATE,-5.685,-0.1180672787943543,NonHit,Profens,Other,291.39100000000013,2.1801000000000004,4,1,49.769999999999996,6,2,1,0,0,CN(C)CCOC(=O)C(c1ccccc1)C1(O)CCCC1
OXCARBAZEPINE,-5.682,-0.1159169035534338,NonHit,Carbonyl,Other,252.27299999999997,2.6422000000000008,2,1,63.400000000000006,0,3,0,2,1,NC(=O)N1c2ccccc2CC(=O)c2ccccc21
TRIPELENNAMINE,-5.676,-0.1116161530715915,NonHit,N-heterocycle,Other,255.36500000000004,2.649800000000001,3,0,19.37,6,2,0,0,0,CN(C)CCN(Cc1ccccc1)c1ccccn1
CIMETIDINE,-5.676,-0.1116161530715915,NonHit,Guanidine,Other,252.347,0.5974,4,3,88.88999999999999,5,1,0,0,0,CN/C(=N\CCSCc1nc[nH]c1C)NC#N
Benzoic_Acid,-5.665,-0.3927280160011868,NonHit,Small_acid,Carboxylic_acid,122.12299999999998,1.3848,1,1,37.3,1,1,1,0,0,C1=CC=CC=C1C(=O)O
LUMIRACOXIB,-5.659,-0.0994306933730385,NonHit,Carboxylic_acid,NSAID,293.725,4.158220000000002,2,2,49.33,4,2,1,0,0,Cc1ccc(Nc2c(F)cccc2Cl)c(CC(=O)O)c1
PYRIDOSTIGMINE,-5.657,-0.0979971098790913,NonHit,Small_acid,Other,181.21499999999997,0.5714999999999999,2,0,33.42,1,1,1,1,0,CN(C)C(=O)Oc1ccc[n+](C)c1
DILEVALOL,-5.648,-0.0915459841563279,NonHit,Carbonyl,Other,328.4120000000001,2.1353999999999997,4,4,95.57999999999998,8,2,0,1,0,C[C@H](CCc1ccccc1)NC[C@H](O)c1ccc(O)c(C(N)=O)c1
Valproic_Acid,-5.628,-0.3836750558021276,NonHit,Small_acid,Carboxylic_acid,144.214,2.2874,1,1,37.3,5,0,1,0,0,CCCC(CCC)C(=O)O
CLONIDINE,-5.611,-0.0650246895183014,NonHit,Guanidine,Other,230.09799999999998,2.3644999999999996,3,2,36.42,1,2,0,0,0,Clc1cccc(Cl)c1NC1=NCCN1
OZAGREL,-5.596,-0.0542728133136963,NonHit,Small_acid,Other,228.251,2.0292,2,1,55.12,4,2,1,0,0,O=C(O)/C=C/c1ccc(Cn2ccnc2)cc1
ZIDOVUDINE,-5.589,-0.0492552710848807,NonHit,N-heterocycle,Other,267.245,-0.19628000000000012,5,2,133.07999999999998,3,2,0,0,0,Cc1cn([C@H]2C[C@H](N=[N+]=[N-])[C@@H](CO)O2)c(=O)[nH]c1=O
XANOMELINE,-5.587,-0.0478216875909328,NonHit,N-heterocycle,Other,281.425,3.2161000000000017,5,0,38.25000000000001,7,2,0,0,0,CCCCCCOc1nsnc1C1=CCCN(C)C1
ACEFYLLINE,-5.574,-0.0385033948802749,NonHit,Small_acid,Other,238.20299999999997,-1.4816999999999998,4,1,99.12,2,2,1,0,0,Cn1c(=O)c2c(ncn2CC(=O)O)n(C)c1=O
PYRIDOXINE,-5.57,-0.0356362278923805,NonHit,N-heterocycle,Other,169.18,0.08021999999999985,4,3,73.58000000000001,2,1,0,0,0,Cc1ncc(CO)c(CO)c1O
LEVOBUNOLOL,-5.558,-0.0270347269286959,NonHit,Carbonyl,Other,291.391,2.3334,4,2,58.559999999999995,5,2,0,0,0,CC(C)(C)NC[C@H](O)COc1cccc2c1CCCC2=O
Adipic_Acid,-5.553,-0.3653244608040346,NonHit,Dicarboxylic_acid,Carboxylic_acid,146.142,0.716,2,2,74.6,5,0,2,0,0,C(CCC(=O)O)CC(=O)O
ASCORBIC ACID,-5.549,-0.0205836012059331,NonHit,Small_acid,Carboxylic_acid,176.124,-1.4073999999999995,6,4,107.22000000000001,2,1,1,0,0,O=C1O[C@H]([C@@H](O)CO)C(O)=C1O
MEPTAZINOL,-5.546,-0.0184332259650119,NonHit,Other,Other,233.3549999999999,3.1557000000000013,2,1,23.47,2,2,0,0,0,CCC1(c2cccc(O)c2)CCCCN(C)C1
MODAFINIL,-5.523,-0.0019470157846166,NonHit,Carbonyl,Other,273.357,2.01,2,1,66.15,5,2,0,1,0,NC(=O)C[S+]([O-])C(c1ccccc1)c1ccccc1
Ascorbic_Acid,-5.523,-0.3579842228047973,NonHit,Small_acid,Carboxylic_acid,176.124,-1.4073999999999995,6,4,107.22000000000001,2,1,1,0,0,C(C(C1C(=C(C(=O)O1)O)O)O)O
FLUTAMIDE,-5.504,0.0116720274078835,NonHit,Carbonyl,Other,276.21399999999994,3.2081000000000017,3,1,72.24,3,1,0,1,0,CC(C)C(=O)Nc1ccc([N+](=O)[O-])c(C(F)(F)F)c1
PYRILAMINE,-5.481,0.0281582375882781,NonHit,N-heterocycle,Other,285.391,2.658400000000001,4,0,28.6,7,2,0,0,0,COc1ccc(CN(CCN(C)C)c2ccccn2)cc1
Tiaprofenic_Acid,-5.48,-0.3474632150058909,NonHit,Profens,Profens,260.31399999999996,3.167200000000001,3,1,54.370000000000005,4,2,1,0,0,CC(C1=CC=CC=C1C(=O)C2=CC=CS2)C(=O)O
TIAPROFENIC ACID,-5.48,0.0288750293352514,NonHit,Carboxylic_acid,Profens,260.31399999999996,3.167200000000001,3,1,54.37,4,2,1,0,0,CC(C(=O)O)c1ccc(C(=O)c2ccccc2)s1
RITODRINE,-5.475,0.0324589880701204,NonHit,Other,Other,287.35900000000004,2.3520000000000003,4,4,72.72,6,2,0,0,0,CC(NCCc1ccc(O)cc1)C(O)c1ccc(O)cc1
ISAXONINE,-5.475,0.0324589880701204,NonHit,N-heterocycle,Other,137.18599999999998,1.2969,3,1,37.81,2,1,0,0,0,CC(C)Nc1ncccn1
FLUOROURACIL,-5.465,0.0396269055398572,NonHit,N-heterocycle,Other,130.078,-0.7977000000000001,2,2,65.72,0,1,0,0,0,O=c1[nH]cc(F)c(=O)[nH]1
Pyridoxine,-5.459,-0.3423250484064246,NonHit,N-heterocycle,Other,169.17999999999998,0.08022000000000001,4,3,73.58000000000001,2,1,0,0,0,CC1=NC=C(C(=C1O)CO)CO
MUZOLIMINE,-5.456,0.04607803126262,NonHit,Carbonyl,Other,272.13500000000005,2.5589000000000013,3,1,58.69,2,2,0,1,0,CC(c1ccc(Cl)c(Cl)c1)N1N=C(N)CC1=O
ARIMOCLOMOL,-5.446,0.0532459487323574,NonHit,N-heterocycle,Other,313.78500000000014,1.0838,5,1,72.0,6,2,0,0,0,[O-][n+]1cccc(/C(Cl)=N/OC[C@H](O)CN2CCCCC2)c1
VENLAFAXINE,-5.431,0.0639978249369625,NonHit,Other,Other,277.4079999999999,3.0356000000000014,3,1,32.7,5,2,0,0,0,COc1ccc(C(CN(C)C)C2(O)CCCCC2)cc1
KETOPROFEN,-5.427,0.0668649919248576,NonHit,Profens,Profens,254.285,3.1057000000000015,2,1,54.37,4,2,1,0,0,CC(C(=O)O)c1cccc(C(=O)c2ccccc2)c1
DYPHYLLINE,-5.423,0.069732158912752,NonHit,N-heterocycle,Other,254.24599999999998,-2.213099999999999,5,2,102.28,3,2,0,0,0,Cn1c(=O)c2c(ncn2CC(O)CO)n(C)c1=O
DIPHENHYDRAMINE,-5.421,0.0711657424066992,NonHit,Other,Other,255.36100000000002,3.3542000000000023,2,0,12.47,6,2,0,0,0,CN(C)CCOC(c1ccccc1)c1ccccc1
Ketoprofen,-5.411,-0.3305806676076451,NonHit,Profens,Profens,254.285,3.1057000000000006,2,1,54.370000000000005,4,2,1,0,0,CC(C1=CC=CC(=C1)C(=O)C2=CC=CC=C2)C(=O)O
"GLYCEROL, IODINATED",-5.408,0.0804840351173571,NonHit,Other,Other,258.055,0.5436999999999999,3,1,38.69,2,1,0,0,0,CC(I)C1OCC(CO)O1
ARMODAFINIL,-5.406,0.081917618611305,NonHit,Carbonyl,Other,273.357,2.01,2,1,66.15,5,2,0,1,0,NC(=O)C[S@@+]([O-])C(c1ccccc1)c1ccccc1
PIRACETAM,-5.398,0.0876519525870945,NonHit,Carbonyl,Other,142.158,-0.9059000000000004,2,1,63.400000000000006,2,1,0,2,0,NC(=O)CN1CCCC1=O
BENZNIDAZOLE,-5.392,0.0919527030689362,NonHit,Carbonyl,Other,260.253,1.1077,4,1,90.06,5,2,0,1,0,O=C(Cn1ccnc1[N+](=O)[O-])NCc1ccccc1
Lipoic_Acid,-5.391,-0.3256871756081538,NonHit,Small_acid,Carboxylic_acid,206.33199999999994,2.785100000000001,3,1,37.3,5,1,1,0,0,C1CSSC1CCCCC(=O)O
Metformin,-5.387,-0.3247084772082554,NonHit,Guanidine,Other,129.167,-1.034159999999999,2,4,88.99000000000001,0,0,0,0,0,CN(C)C(=N)NC(=N)N
DEFERIPRONE,-5.378,0.101987787526568,NonHit,N-heterocycle,Other,139.154,0.39931999999999984,2,1,42.23,0,1,0,0,0,Cc1c(O)c(=O)ccn1C
NAPROXEN,-5.378,0.101987787526568,NonHit,Profens,Other,230.26299999999998,3.036500000000001,2,1,46.53,3,2,1,0,0,COc1ccc2cc([C@H](C)C(=O)O)ccc2c1
NIACINAMIDE,-5.371,0.1070053297553836,NonHit,Carbonyl,Other,122.12699999999997,0.18050000000000016,2,1,55.980000000000004,1,1,0,1,0,NC(=O)c1cccnc1
MITOTANE,-5.369,0.1084389132493315,NonHit,Other,Other,320.04600000000005,5.929000000000002,0,0,0.0,3,2,0,0,0,Clc1ccc(C(c2ccccc2Cl)C(Cl)Cl)cc1
ANTAZOLINE,-5.357,0.1170404142130154,NonHit,Imidazoline,Other,265.36,2.6949000000000014,3,1,27.63,5,3,0,0,0,c1ccc(CN(CC2=NCCN2)c2ccccc2)cc1
Naproxen,-5.357,-0.3173682392090183,NonHit,Profens,Other,230.26299999999998,3.0365,2,1,46.53,3,2,1,0,0,CC(C1=CC2=C(C=C1)C=CC(=C2)OC)C(=O)O
ALLOPURINOL,-5.355,0.1184739977069626,NonHit,N-heterocycle,Other,136.114,0.058499999999999885,4,2,74.69,0,2,0,0,0,Oc1ncnc2[nH]ncc12
Allopurinol,-5.354,-0.3166342154090946,NonHit,N-heterocycle,Other,152.113,-1.0605000000000002,3,3,94.4,0,2,0,0,0,C1=NC2=C(N1)C(=O)NC(=O)N2
ALTRETAMINE,-5.35,0.1220579564418316,NonHit,N-heterocycle,Other,210.285,0.0696000000000001,6,0,48.39000000000001,3,1,0,0,0,CN(C)c1nc(N(C)C)nc(N(C)C)n1
TISOPURINE,-5.348,0.1234915399357789,NonHit,N-heterocycle,Other,152.18200000000002,0.6416,4,2,54.46,0,2,0,0,0,Sc1ncnc2[nH]ncc12
Ciprofibrate,-5.346,-0.314676818609298,NonHit,Small_acid,Other,220.26799999999997,2.806000000000001,2,1,46.53,4,2,1,0,0,CC(C)(C(=O)O)OC1=CC=C(C=C1)C2CC2
Caffeine,-5.34,-0.3132087710094505,NonHit,N-heterocycle,Other,194.194,-1.0293,3,0,61.82,0,2,0,0,0,CN1C=NC2=C1C(=O)N(C(=O)N2C)C
MILRINONE,-5.336,0.1320930408994629,NonHit,N-heterocycle,Other,211.22400000000002,1.617,3,1,69.53999999999999,1,2,0,0,0,Cc1[nH]c(=O)c(C#N)cc1-c1ccncc1
CAFFEINE,-5.329,0.1371105831282791,NonHit,N-heterocycle,Other,194.194,-1.0293,3,0,61.82,0,2,0,0,0,Cn1c(=O)c2c(ncn2C)n(C)c1=O
METHAZOLAMIDE,-5.324,0.1406945418631474,NonHit,Sulfonamide,Other,236.278,-1.4237999999999997,5,1,107.41,1,1,0,1,0,CC(=O)/N=c1/sc(S(N)(=O)=O)nn1C
BETAXOLOL,-5.32,0.1435617088510419,NonHit,Other,Other,307.434,2.3933999999999997,4,2,50.72,11,2,0,0,0,CC(C)NCC(O)COc1ccc(CCOCC2CC2)cc1
CIPROFIBRATE,-5.315,0.1471456675859103,NonHit,Carboxylic_acid,Other,289.158,3.589800000000003,2,1,46.53,4,2,1,0,0,CC(C)(Oc1ccc(C2CC2(Cl)Cl)cc1)C(=O)O
LAMIVUDINE,-5.313,0.1485792510798581,NonHit,N-heterocycle,Other,229.261,-0.5941000000000001,6,2,90.36999999999999,2,2,0,0,0,Nc1ccn([C@@H]2CS[C@H](CO)O2)c(=O)n1
Ibuprofen,-5.308,-0.3053791838102642,NonHit,Profens,Profens,206.28499999999997,3.073200000000001,1,1,37.3,4,1,1,0,0,CC(C)CC1=CC=C(C=C1)C(C)C(=O)O
Glutaric_Acid,-5.307,-0.3051345092102898,NonHit,Dicarboxylic_acid,Carboxylic_acid,132.115,0.32589999999999975,2,2,74.6,4,0,2,0,0,C(CC(=O)O)CC(=O)O
FLUCYTOSINE,-5.3,0.157897543790516,NonHit,N-heterocycle,Other,129.09399999999997,-0.5088000000000001,3,2,71.77,0,1,0,0,0,Nc1nc(=O)[nH]cc1F
MIGALASTAT,-5.29,0.1650654612602528,NonHit,Other,Other,163.173,-2.9667999999999988,5,5,92.95,1,1,0,0,0,OC[C@H]1NC[C@H](O)[C@@H](O)[C@H]1O
FLUCICLOVINE F18,-5.285,0.1686494199951211,NonHit,Amino_acid,Other,132.124938,-0.09960000000000035,2,2,63.32000000000001,1,1,1,0,0,N[C@]1(C(=O)O)C[C@@H]([18F])C1
FLUCICLOVINE,-5.283,0.1700830034890683,NonHit,Amino_acid,Other,133.12199999999999,-0.09960000000000035,2,2,63.32000000000001,1,1,1,0,0,N[C@]1(C(=O)O)C[C@@H](F)C1
BROXYQUINOLINE,-5.282,0.1707997952360423,NonHit,N-heterocycle,Other,302.95300000000003,3.4654000000000007,2,1,33.120000000000005,0,2,0,0,0,Oc1c(Br)cc(Br)c2cccnc12
MERCAPTOPURINE ANHYDROUS,-5.252,0.1923035476452532,NonHit,N-heterocycle,Other,152.182,0.6416,4,2,54.46,0,2,0,0,0,Sc1ncnc2nc[nH]c12
ISOSORBIDE,-5.239,0.201621840355911,NonHit,Other,Other,146.142,-1.4942000000000004,4,2,58.92,0,2,0,0,0,O[C@@H]1CO[C@H]2[C@@H]1OC[C@@H]2O
DESVENLAFAXINE,-5.237,0.2030554238498583,NonHit,Other,Other,263.381,2.7326000000000006,3,2,43.7,4,2,0,0,0,CN(C)CC(c1ccc(O)cc1)C1(O)CCCCC1
CHLORMEZANONE,-5.227,0.210223341319595,NonHit,Carbonyl,Other,273.741,1.6155000000000002,3,0,54.45,1,2,0,1,0,CN1C(=O)CCS(=O)(=O)C1c1ccc(Cl)cc1
TERTATOLOL,-5.212,0.2209752175242008,NonHit,Other,Other,295.4480000000001,2.8527000000000013,4,2,41.489999999999995,5,2,0,0,0,CC(C)(C)NCC(O)COc1cccc2c1SCCC2
ESLICARBAZEPINE,-5.201,0.2288599267409115,NonHit,Carbonyl,Other,254.289,2.4929000000000006,2,2,66.56,0,3,0,2,1,NC(=O)N1c2ccccc2C[C@H](O)c2ccccc21
LORCASERIN,-5.201,0.2288599267409115,NonHit,Other,Other,195.69299999999998,2.589200000000001,1,1,12.03,0,2,0,0,0,C[C@H]1CNCCc2ccc(Cl)cc21
BETAHISTINE,-5.196,0.2324438854757798,NonHit,N-heterocycle,Other,136.19799999999995,0.8434999999999999,2,1,24.92,3,1,0,0,0,CNCCc1ccccn1
CARBIMAZOLE,-5.193,0.234594260716701,NonHit,Small_acid,Other,186.236,1.56069,3,0,36.16,1,1,1,0,0,CCOC(=O)n1ccn(C)c1=S
DYCLONINE,-5.184,0.2410453864394638,NonHit,Carbonyl,Other,289.4189999999999,3.9242000000000035,3,0,29.54,8,2,0,0,0,CCCCOc1ccc(C(=O)CCN2CCCCC2)cc1
NIACIN,-5.181,0.2431957616803849,NonHit,Small_acid,Other,123.11099999999998,0.7797999999999999,2,1,50.19,1,1,1,0,0,O=C(O)c1cccnc1
PIRPROFEN,-5.176,0.2467797204152533,NonHit,Profens,Profens,251.71299999999997,2.904300000000001,2,1,40.54,3,2,1,0,0,CC(C(=O)O)c1ccc(N2CC=CC2)c(Cl)c1
Nicotinic_Acid,-5.174,-0.2725927874136716,NonHit,Small_acid,Carboxylic_acid,123.11099999999998,0.7797999999999999,2,1,50.19,1,1,1,0,0,C1=CC=CN=C1C(=O)O
PHENINDIONE,-5.159,0.2589651801138063,NonHit,Carbonyl,Other,222.243,2.849400000000001,2,0,34.14,1,3,0,0,0,O=C1c2ccccc2C(=O)C1c1ccccc1
Enalaprilat,-5.116,-0.2584016606151462,NonHit,Amino_acid,Other,320.3450000000001,0.4757000000000002,4,3,106.94000000000001,5,2,2,1,0,CC(C(=O)O)NC(C)C(=O)N1CC2=CC=CC=C2CC1C(=O)O
ARTICAINE,-5.109,0.2948047674624907,NonHit,Carboxylic_acid,Other,284.38100000000003,2.16972,5,2,67.43,6,1,1,1,0,CCCNC(C)C(=O)Nc1c(C)csc1C(=O)OC
Furosemide,-5.097,-0.2537528432156294,NonHit,Sulfonamide,Other,235.64799999999997,0.6856,3,2,97.46,2,1,1,0,0,C1=CC(=C(C=C1C(=O)O)S(=O)(=O)N)Cl
FURAZOLIDONE,-5.091,0.3077070189080169,NonHit,Small_acid,Other,225.16,0.9739,6,0,98.17999999999999,3,2,1,1,0,O=C1OCCN1/N=C/c1ccc([N+](=O)[O-])o1
MYCOPHENOLIC ACID,-5.087,0.310574185895912,NonHit,Salicylate,Carboxylic_acid,320.341,2.73322,5,2,93.06000000000002,6,2,2,0,0,COc1c(C)c2c(c(O)c1C/C=C(\C)CCC(=O)O)C(=O)OC2
BUFLOMEDIL,-5.087,0.310574185895912,NonHit,Carbonyl,Other,307.39,2.7711000000000015,5,0,48.0,8,2,0,0,0,COc1cc(OC)c(C(=O)CCCN2CCCC2)c(OC)c1
RANITIDINE,-5.074,0.3198924786065699,NonHit,Other,Other,314.411,1.4589999999999999,7,2,83.58,10,1,0,0,0,CNC(=C[N+](=O)[O-])NCCSCc1ccc(CN(C)C)o1
CHLOPHEDIANOL,-5.061,0.3292107713172278,NonHit,Other,Other,289.80600000000004,3.5276000000000023,2,1,23.47,5,2,0,0,0,CN(C)CCC(O)(c1ccccc1)c1ccccc1Cl
AMINOCAPROIC ACID,-5.059,0.330644354811175,NonHit,Small_acid,Amino_acid,131.175,0.5901000000000001,2,2,63.32000000000001,5,0,1,0,0,NCCCCCC(=O)O
PENTOXIFYLLINE,-5.056,0.3327947300520962,NonHit,Carbonyl,Other,278.31200000000007,0.19300000000000006,4,0,78.89,5,2,0,0,0,CC(=O)CCCCn1c(=O)c2c(ncn2C)n(C)c1=O
ALBENDAZOLE,-5.049,0.3378122722809118,NonHit,Carboxylic_acid,Other,265.33799999999997,3.2433000000000005,4,2,67.01,4,2,1,1,0,CCCSc1ccc2[nH]c(NC(=O)OC)nc2c1
ERDOSTEINE,-5.044,0.3413962310157808,NonHit,Small_acid,Other,249.313,-0.047499999999999876,5,2,83.47,5,1,1,1,0,O=C(O)CSCC(=O)NC1CCSC1=O
CLIOQUINOL,-5.032,0.3499977319794647,NonHit,N-heterocycle,Other,305.502,3.1984000000000004,2,1,33.120000000000005,0,2,0,0,0,Oc1c(I)cc(Cl)c2cccnc12
LEVOBETAXOLOL,-5.03,0.351431315473412,NonHit,Other,Other,307.434,2.3933999999999997,4,2,50.72,11,2,0,0,0,CC(C)NC[C@H](O)COc1ccc(CCOCC2CC2)cc1
TOLMETIN,-5.03,0.351431315473412,NonHit,Carboxylic_acid,Other,257.289,2.1916200000000003,2,1,59.300000000000004,4,2,1,0,0,Cc1ccc(C(=O)c2ccc(CC(=O)O)n2C)cc1
PITOLISANT,-5.028,0.3528648989673598,NonHit,Other,Other,295.8539999999999,4.165200000000003,2,0,12.47,8,2,0,0,0,Clc1ccc(CCCOCCCN2CCCCC2)cc1
NITROFURANTOIN,-5.019,0.3593160246901226,NonHit,Hydantoin/Ureide,Other,238.15899999999996,0.07349999999999995,6,1,118.05000000000001,3,2,0,3,1,O=C1CN(/N=C/c2ccc([N+](=O)[O-])o2)C(=O)N1
ACETAZOLAMIDE,-5.002,0.3715014843886756,NonHit,Sulfonamide,Other,222.251,-0.8561000000000003,6,2,115.03999999999999,2,1,0,1,0,CC(=O)Nc1nnc(S(N)(=O)=O)s1
PYRAZINAMIDE,-5.002,0.3715014843886756,NonHit,Carbonyl,Other,123.11499999999998,-0.4245000000000001,3,1,68.87,1,1,0,1,0,NC(=O)c1cnccn1
FORMOTEROL,-4.997,0.375085443123544,NonHit,Carbonyl,Other,344.41100000000006,2.2233,5,4,90.82,9,2,0,1,0,COc1ccc(CC(C)NCC(O)c2ccc(O)c(NC=O)c2)cc1
Acetazolamide,-4.992,-0.2280620102182992,NonHit,Sulfonamide,Other,222.251,-0.8561000000000003,6,2,115.04,2,1,0,1,0,CC(=O)NC1=NN=C(S1)S(=O)(=O)N
NEFOPAM,-4.975,0.3908548615569653,NonHit,Other,Other,253.345,3.238000000000002,2,0,12.47,1,3,0,0,0,CN1CCOC(c2ccccc2)c2ccccc2C1
METHENAMINE,-4.971,0.3937220285448598,NonHit,Other,Other,140.19,-1.0197999999999992,4,0,12.96,0,4,0,0,0,C1N2CN3CN1CN(C2)C3
Gabapentin_enacarbil,-4.965,-0.2214557960189857,NonHit,Dicarboxylic_acid,Other,301.33899999999994,2.001,4,3,112.92999999999999,6,1,3,1,0,CC(C)(C(=O)O)OC(=O)NCC1(CCCCC1)CC(=O)O
METHADONE,-4.958,0.4030403212555177,NonHit,Carbonyl,Other,309.45300000000003,4.292000000000004,2,0,20.310000000000002,7,2,0,0,0,CCC(=O)C(CC(C)N(C)C)(c1ccccc1)c1ccccc1
ORPHENADRINE,-4.956,0.4044739047494649,NonHit,Other,Other,269.388,3.662620000000003,2,0,12.47,6,2,0,0,0,Cc1ccccc1C(OCCN(C)C)c1ccccc1
DOXYLAMINE,-4.916,0.4331455746284125,NonHit,N-heterocycle,Other,270.37600000000003,2.923300000000001,3,0,25.36,6,2,0,0,0,CN(C)CCOC(C)(c1ccccc1)c1ccccn1
PRAMOXINE,-4.915,0.4338623663753864,NonHit,Other,Other,293.4069999999999,2.9666000000000015,4,0,30.930000000000003,9,2,0,0,0,CCCCOc1ccc(OCCCN2CCOCC2)cc1
METHAPYRILENE,-4.908,0.438879908604202,NonHit,N-heterocycle,Other,261.394,2.7113000000000005,4,0,19.37,6,2,0,0,0,CN(C)CCN(Cc1cccs1)c1ccccn1
BRIMONIDINE,-4.908,0.438879908604202,NonHit,Guanidine,Other,292.14000000000004,1.7633999999999999,5,2,62.2,1,3,0,0,0,Brc1c(NC2=NCCN2)ccc2nccnc12
FEXINIDAZOLE,-4.897,0.4467646178209127,NonHit,N-heterocycle,Other,279.32099999999997,2.629200000000001,5,0,70.19,5,2,0,0,0,CSc1ccc(OCc2ncc([N+](=O)[O-])n2C)cc1
EMTRICITABINE,-4.856,0.4761530794468342,NonHit,N-heterocycle,Other,247.25099999999998,-0.4550000000000003,6,2,90.37,2,2,0,0,0,Nc1nc(=O)n([C@@H]2CS[C@H](CO)O2)cc1F
ANISINDIONE,-4.841,0.4869049556514394,NonHit,Carbonyl,Other,252.269,2.8580000000000005,3,0,43.370000000000005,2,3,0,0,0,COc1ccc(C2C(=O)c3ccccc3C2=O)cc1
GUANETHIDINE,-4.839,0.4883385391453866,NonHit,Guanidine,Other,198.31399999999994,0.7355699999999996,2,3,65.14,3,1,0,0,0,N=C(N)NCCN1CCCCCCC1
SOTALOL,-4.838,0.4890553308923605,NonHit,Sulfonamide,Other,272.37,1.0895000000000001,4,3,78.43,6,1,0,0,0,CC(C)NCC(O)c1ccc(NS(C)(=O)=O)cc1
CLOMETHIAZOLE,-4.806,0.5119926667955187,NonHit,N-heterocycle,Other,161.65699999999998,2.2328200000000002,2,0,12.89,2,1,0,0,0,Cc1ncsc1CCCl
FLUINDIONE,-4.78,0.5306292522168344,NonHit,Carbonyl,Other,240.23299999999998,2.988500000000002,2,0,34.14,1,3,0,0,0,O=C1c2ccccc2C(=O)C1c1ccc(F)cc1
BROMFENAC,-4.779,0.5313460439638084,NonHit,Carboxylic_acid,Other,334.169,2.889400000000001,3,2,80.39000000000001,4,2,1,0,0,Nc1c(CC(=O)O)cccc1C(=O)c1ccc(Br)cc1
SUMATRIPTAN,-4.765,0.5413811284214401,NonHit,Sulfonamide,Other,295.408,1.3211999999999997,3,2,65.2,6,2,0,0,0,CNS(=O)(=O)Cc1ccc2[nH]cc(CCN(C)C)c2c1
ENOXIMONE,-4.739,0.560017713842756,NonHit,Carbonyl,Other,248.307,1.9643199999999998,3,2,65.72,3,2,0,0,0,CSc1ccc(C(=O)c2[nH]c(=O)[nH]c2C)cc1
Succinic_Acid,-4.726,-0.1629785666250628,NonHit,Dicarboxylic_acid,Carboxylic_acid,118.08799999999998,-0.06420000000000015,2,2,74.6,3,0,2,0,0,C(CC(=O)O)C(=O)O
NIALAMIDE,-4.722,0.5722031735413083,NonHit,Carbonyl,Other,298.346,1.0224999999999989,4,3,83.12,7,2,0,2,0,O=C(CCNNC(=O)c1ccncc1)NCc1ccccc1
APRACLONIDINE,-4.71,0.580804674504993,NonHit,Guanidine,Other,245.113,1.7558999999999998,2,3,62.44,1,2,0,0,0,Nc1cc(Cl)c(N=C2NCCN2)c(Cl)c1
PYRITHIONE,-4.706,0.5836718414928874,NonHit,N-heterocycle,Other,127.16799999999999,0.6087000000000002,2,1,26.939999999999998,0,1,0,0,0,[O-][n+]1ccccc1S
ARFORMOTEROL,-4.702,0.5865390084807824,NonHit,Carbonyl,Other,344.41100000000006,2.2233,5,4,90.82,9,2,0,1,0,COc1ccc(C[C@@H](C)NC[C@H](O)c2ccc(O)c(NC=O)c2)cc1
PIPOBROMAN,-4.68,0.6023084269142038,NonHit,Carbonyl,Other,356.058,1.2272,2,0,40.620000000000005,4,1,0,2,0,O=C(CCBr)N1CCN(C(=O)CCBr)CC1
NATEGLINIDE,-4.661,0.615927470106704,NonHit,Amino_acid,Other,317.42900000000014,3.2609000000000012,2,2,66.4,6,2,1,1,0,CC(C)[C@H]1CC[C@H](C(=O)N[C@H](Cc2ccccc2)C(=O)O)CC1
FENCLOZIC ACID,-4.645,0.6273961380582831,NonHit,Carboxylic_acid,Carboxylic_acid,253.71,3.090600000000001,3,1,50.19,3,2,1,0,0,O=C(O)Cc1csc(-c2ccc(Cl)cc2)n1
FOSFOMYCIN,-4.631,0.6374312225159142,NonHit,Other,Other,138.059,-0.09110000000000007,2,2,70.06,1,1,0,0,0,C[C@@H]1O[C@@H]1P(=O)(O)O
FLURBIPROFEN,-4.621,0.644599139985651,NonHit,Profens,Profens,244.265,3.6808000000000023,1,1,37.3,3,2,1,0,0,CC(C(=O)O)c1ccc(-c2ccccc2)c(F)c1
Flurbiprofen,-4.591,-0.1299474956284955,NonHit,Profens,Profens,240.302,3.850120000000003,1,1,37.3,3,2,1,0,0,CC1=CC(=CC=C1)C2=CC=C(C=C2)C(C)C(=O)O
FLOSEQUINAN,-4.561,0.6876066448040727,NonHit,N-heterocycle,Other,239.271,1.4150000000000003,2,0,45.06,1,2,0,0,0,Cn1cc([S+](C)[O-])c(=O)c2ccc(F)cc21
LOXOPROFEN,-4.555,0.691907395285915,NonHit,Profens,Profens,246.30599999999993,2.7864000000000013,2,1,54.37,4,2,1,0,0,CC(C(=O)O)c1ccc(CC2CCCC2=O)cc1
NIZATIDINE,-4.548,0.6969249375147306,NonHit,N-heterocycle,Other,331.4670000000001,1.3224999999999998,8,2,83.33,10,1,0,0,0,CNC(=C[N+](=O)[O-])NCCSCc1csc(CN(C)C)n1
XANTHINOL,-4.546,0.6983585210086778,NonHit,N-heterocycle,Other,311.34200000000004,-2.281299999999997,6,2,105.52000000000001,6,2,0,0,0,CN(CCO)CC(O)Cn1cnc2c1c(=O)n(C)c(=O)n2C
METAMIZOLE,-4.492,0.7370652753452572,NonHit,N-heterocycle,Other,311.36300000000006,0.7659199999999997,4,1,84.54000000000002,4,2,0,0,0,Cc1c(N(C)CS(=O)(=O)O)c(=O)n(-c2ccccc2)n1C
TIZANIDINE,-4.471,0.7521179020317047,NonHit,Guanidine,Other,253.718,1.7157999999999993,6,2,62.2,1,3,0,0,0,Clc1ccc2nsnc2c1NC1=NCCN1
TRICLOSAN,-4.47,0.7528346937786786,NonHit,Other,Other,289.54499999999996,5.144700000000002,2,1,29.46,2,2,0,0,0,Oc1cc(Cl)ccc1Oc1ccc(Cl)cc1Cl
CYCLIZINE,-4.445,0.7707544874530204,NonHit,Other,Other,266.38800000000003,3.0234000000000014,2,0,6.48,3,3,0,0,0,CN1CCN(C(c2ccccc2)c2ccccc2)CC1
PHENAZOPYRIDINE,-4.445,0.7707544874530204,NonHit,N-heterocycle,Other,213.24400000000003,2.6613999999999995,5,2,89.64999999999999,2,2,0,0,0,Nc1ccc(/N=N/c2ccccc2)c(N)n1
DEXCHLORPHENIRAMINE,-4.438,0.7757720296818367,NonHit,N-heterocycle,Other,274.795,3.8186000000000027,2,0,16.130000000000003,5,2,0,0,0,CN(C)CC[C@@H](c1ccc(Cl)cc1)c1ccccn1
PENTOLINIUM,-4.399,0.8037269078138104,NonHit,Other,Other,240.4349999999999,2.637500000000001,0,0,0.0,6,2,0,0,0,C[N+]1(CCCCC[N+]2(C)CCCC2)CCCC1
DANTHRON,-4.389,0.8108948252835472,NonHit,Carbonyl,Other,240.21399999999997,1.873199999999999,4,2,74.6,0,3,0,0,0,O=C1c2cccc(O)c2C(=O)c2c(O)cccc21
TRIMETAZIDINE,-4.378,0.8187795345002579,NonHit,Other,Other,266.34099999999995,1.1176,5,1,42.96000000000001,5,2,0,0,0,COc1ccc(CN2CCNCC2)c(OC)c1OC
NIFURTIMOX,-4.372,0.8230802849821002,NonHit,Other,Other,287.297,0.6406000000000001,7,0,106.02,3,2,0,0,0,CC1CS(=O)(=O)CCN1/N=C/c1ccc([N+](=O)[O-])o1
NORTRIPTYLINE,-4.351,0.8381329116685475,NonHit,Other,Other,263.38399999999996,3.826400000000003,1,1,12.03,3,3,0,0,0,CNCCC=C1c2ccccc2CCc2ccccc21
TAUROLIDINE,-4.35,0.8388497034155215,NonHit,Sulfonamide,Other,284.363,-2.6710999999999965,6,2,98.82000000000001,2,2,0,0,0,O=S1(=O)CCN(CN2CCS(=O)(=O)NC2)CN1
ESFLURBIPROFEN,-4.336,0.8488847878731527,NonHit,Profens,Profens,244.265,3.6808000000000023,1,1,37.3,3,2,1,0,0,C[C@H](C(=O)O)c1ccc(-c2ccccc2)c(F)c1
HALOTHANE,-4.32,0.8603534558247318,NonHit,Other,Other,197.381,2.5084999999999997,0,0,0.0,0,0,0,0,0,FC(F)(F)C(Cl)Br
EMEPRONIUM,-4.303,0.8725389155232847,NonHit,Other,Other,282.451,4.693400000000004,0,0,0.0,6,2,0,0,0,CC[N+](C)(C)C(C)CC(c1ccccc1)c1ccccc1
ZOMEPIRAC,-4.281,0.888308333956706,NonHit,Carboxylic_acid,Other,291.73400000000004,2.8450200000000017,2,1,59.3,4,2,1,0,0,Cc1cc(CC(=O)O)n(C)c1C(=O)c1ccc(Cl)cc1
Phenylbutazone,-4.274,-0.0523856474365559,NonHit,Carbonyl,Other,308.38100000000003,3.7878000000000025,2,0,40.620000000000005,5,3,0,2,0,CCCCC1C(=O)N(N(C1=O)C2=CC=CC=C2)C3=CC=CC=C3
Sertraline,-4.248,-0.046024107837217,NonHit,Other,Other,334.29,5.610600000000003,1,1,12.03,3,3,0,0,0,CNC(C1CCC(C2=CC=CC=C12)C3=CC(=C(C=C3)Cl)Cl)C
CHLORPHENIRAMINE,-4.219,0.9327494222690744,NonHit,N-heterocycle,Other,274.795,3.8186000000000027,2,0,16.130000000000003,5,2,0,0,0,CN(C)CCC(c1ccc(Cl)cc1)c1ccccn1
TRIDIHEXETHYL,-4.2,0.9463684654615746,NonHit,Other,Other,318.5250000000002,4.721100000000004,1,1,20.23,8,2,0,0,0,CC[N+](CC)(CC)CCC(O)(c1ccccc1)C1CCCCC1
DEXBROMPHENIRAMINE,-4.186,0.9564035499192064,NonHit,N-heterocycle,Other,319.246,3.9277000000000024,2,0,16.130000000000003,5,2,0,0,0,CN(C)CC[C@@H](c1ccc(Br)cc1)c1ccccn1
AMINOPYRINE,-4.171,0.9671554261238116,NonHit,N-heterocycle,Other,231.29900000000004,1.55042,2,0,30.17,2,2,0,0,0,Cc1c(N(C)C)c(=O)n(-c2ccccc2)n1C
LEVAMISOLE,-4.157,0.9771905105814434,NonHit,Imidazoline,Other,204.298,2.1460999999999997,3,0,15.6,1,3,0,0,0,c1ccc([C@H]2CN3CCSC3=N2)cc1
DIETHYLCARBAMAZINE,-4.124,1.0008446382315754,NonHit,Carbonyl,Other,199.29799999999994,0.6956,2,0,26.790000000000006,2,1,0,2,1,CCN(CC)C(=O)N1CCN(C)CC1
DIFEMERINE,-4.108,1.0123133061831544,NonHit,Carboxylic_acid,Other,327.42400000000004,2.8059000000000003,4,1,49.769999999999996,6,2,1,0,0,CN(C)CC(C)(C)OC(=O)C(O)(c1ccccc1)c1ccccc1
CARBINOXAMINE,-4.096,1.0209148071468384,NonHit,N-heterocycle,Other,290.794,3.4026000000000023,3,0,25.36,6,2,0,0,0,CN(C)CCOC(c1ccc(Cl)cc1)c1ccccn1
Thiamine,-4.02,0.0097617009569857,NonHit,N-heterocycle,Other,265.36199999999997,0.60774,5,2,75.91,4,2,0,0,0,CC1=C(SC=[N+]1CC2=CN=C(N=C2N)C)CCO
2-MERCAPTOETHANESULFONIC ACID,-4.001,1.0890100231093387,NonHit,Other,Carboxylic_acid,142.201,-0.19599999999999984,3,2,54.370000000000005,2,0,0,0,0,O=S(=O)(O)CCS
CYSTEINE,-3.99,1.0968947323260494,NonHit,Amino_acid,Other,121.16099999999997,-0.6719000000000002,3,3,63.32000000000001,2,0,1,0,0,N[C@@H](CS)C(=O)O
MAVACAMTEN,-3.942,1.1313007361807863,NonHit,N-heterocycle,Other,273.33600000000007,2.2906,3,2,66.89,4,2,0,0,0,CC(C)n1c(=O)cc(N[C@@H](C)c2ccccc2)[nH]c1=O
DAPSONE,-3.906,1.1571052390718397,NonHit,Other,Other,248.30700000000002,1.6838000000000002,4,2,86.18,2,2,0,0,0,Nc1ccc(S(=O)(=O)c2ccc(N)cc2)cc1
OXYMETAZOLINE,-3.901,1.160689197806708,NonHit,Imidazoline,Other,260.3809999999999,2.850740000000001,3,2,44.620000000000005,2,2,0,0,0,Cc1cc(C(C)(C)C)c(O)c(C)c1CC1=NCCN1
ABAMETAPIR,-3.875,1.179325783228024,NonHit,N-heterocycle,Other,184.242,2.760440000000001,2,0,25.78,1,2,0,0,0,Cc1ccc(-c2ccc(C)cn2)nc1
APOMORPHINE,-3.873,1.1807593667219711,NonHit,Other,Other,267.328,2.8499000000000025,3,2,43.7,0,4,0,0,0,CN1CCc2cccc3c2[C@H]1Cc1ccc(O)c(O)c1-3
PROPYPHENAZONE,-3.848,1.1986791603963136,NonHit,N-heterocycle,Other,230.31100000000004,2.607820000000001,1,0,26.93,2,2,0,0,0,Cc1c(C(C)C)c(=O)n(-c2ccccc2)n1C
XYLOMETAZOLINE,-3.815,1.2223332880464453,NonHit,Imidazoline,Other,244.38199999999995,3.1451400000000014,2,1,24.39,2,2,0,0,0,Cc1cc(C(C)(C)C)cc(C)c1CC1=NCCN1
MAZINDOL,-3.767,1.2567392919011824,NonHit,Imidazoline,Other,284.74600000000004,2.6092000000000004,3,1,35.830000000000005,1,4,0,0,0,OC1(c2ccc(Cl)cc2)c2ccccc2C2=NCCN21
TOLRESTAT,-3.697,1.306914714189341,NonHit,Amino_acid,Other,357.353,3.5591000000000026,3,1,49.769999999999996,4,2,1,0,0,COc1ccc2c(C(=S)N(C)CC(=O)O)cccc2c1C(F)(F)F
BITHIONOL,-3.691,1.3112154646711829,NonHit,Other,Other,356.057,5.862600000000001,3,2,40.46,2,2,0,0,0,Oc1c(Cl)cc(Cl)cc1Sc1cc(Cl)cc(Cl)c1O
TOLAZAMIDE,-3.499,1.4488394800901312,NonHit,Sulfonamide,Other,311.4070000000001,1.7739199999999995,4,2,78.50999999999999,3,2,0,2,1,Cc1ccc(S(=O)(=O)NC(=O)NN2CCCCCC2)cc1
PYRANTEL,-3.467,1.4717768159932894,NonHit,Other,Other,206.31400000000002,2.4953000000000003,3,0,15.6,2,2,0,0,0,CN1CCCN=C1/C=C/c1cccs1
OXAMNIQUINE,-3.463,1.474643982981184,NonHit,Other,Other,279.34,1.8117999999999996,5,3,87.42999999999999,5,2,0,0,0,CC(C)NCC1CCc2cc(CO)c([N+](=O)[O-])cc2N1
DIAMTHAZOLE,-3.394,1.5241026135223683,NonHit,N-heterocycle,Other,293.43600000000004,3.0829000000000013,5,0,28.6,7,2,0,0,0,CCN(CC)CCOc1ccc2nc(N(C)C)sc2c1
EXIFONE,-3.354,1.5527742834013163,NonHit,Carbonyl,Other,278.216,1.1511999999999996,7,6,138.45000000000002,2,2,0,0,0,O=C(c1cc(O)c(O)c(O)c1)c1ccc(O)c(O)c1O
Omeprazole,-3.187,0.2135756427358048,NonHit,N-heterocycle,Other,318.44200000000006,4.0197800000000035,5,0,44.24000000000001,5,2,0,0,0,CC1=CN=C(C(=C1OC)C)CSC2=NC=C(C(=C2C)OC)C
METABROMSALAN,-3.078,1.7506088055660547,NonHit,Carbonyl,Other,371.028,4.169500000000002,2,2,49.33,2,2,0,1,0,O=C(Nc1ccccc1)c1cc(Br)cc(Br)c1O
LEVOBUPIVACAINE,-3.047,1.772829349722239,NonHit,Carbonyl,Other,288.43500000000006,3.8965400000000026,2,1,32.34,5,2,0,1,0,CCCCN1CCCC[C@H]1C(=O)Nc1c(C)cccc1C
BUPIVACAINE,-2.952,1.8409245656847395,NonHit,Carbonyl,Other,288.43500000000006,3.8965400000000026,2,1,32.34,5,2,0,1,0,CCCCN1CCCCC1C(=O)Nc1c(C)cccc1C
ZIMELDINE,-2.951,1.8416413574317128,NonHit,N-heterocycle,Other,317.22999999999996,3.8374000000000024,2,0,16.130000000000003,4,2,0,0,0,CN(C)C/C=C(/c1ccc(Br)cc1)c1cccnc1
FENOLDOPAM,-2.932,1.8552604006242133,NonHit,Other,Amino_acid,305.76099999999997,2.734400000000001,4,4,72.72,1,3,0,0,0,Oc1ccc(C2CNCCc3c2cc(O)c(O)c3Cl)cc1
BROMPHENIRAMINE,-2.884,1.8896664044789504,NonHit,N-heterocycle,Other,319.246,3.9277000000000024,2,0,16.130000000000003,5,2,0,0,0,CN(C)CCC(c1ccc(Br)cc1)c1ccccn1
Piroxicam,-2.789,0.3109561335256848,NonHit,Sulfonamide,Other,331.353,1.5810000000000002,5,2,99.60000000000001,2,3,0,1,0,CN1C(=C(C2=CC=CC=C2S1(=O)=O)O)C(=O)NC3=CC=CC=N3
SULFUR,-2.692,2.027290419897899,NonHit,Other,Other,256.536,5.1856,8,0,0.0,0,1,0,0,0,S1SSSSSSS1
CANNABIDIOL,-2.639,2.065280382487505,NonHit,Other,Other,314.469,5.846500000000006,2,2,40.46,6,2,0,0,0,C=C(C)[C@@H]1CCC(C)=C[C@H]1c1c(O)cc(CCCCC)cc1O
Warfarin,-2.575,0.3633164979202433,NonHit,Carbonyl,Other,308.333,3.6096000000000035,4,1,67.51,4,3,0,0,0,CC(=O)CC(C1=CC=CC=C1)C2=C(C3=CC=CC=C3OC2=O)O
MEPIVACAINE,-2.572,2.113305429534741,NonHit,Carbonyl,Other,246.35399999999996,2.7262400000000007,2,1,32.34,2,2,0,1,0,Cc1cccc(C)c1NC(=O)C1CCCCN1C
ROPIVACAINE,-2.459,2.1943028969427685,NonHit,Carbonyl,Other,274.408,3.5064400000000013,2,1,32.34,4,2,0,1,0,CCCN1CCCC[C@H]1C(=O)Nc1c(C)cccc1C
ANASTROZOLE,-2.091,2.4580822598290863,NonHit,N-heterocycle,Other,293.374,2.9287600000000014,4,0,78.28999999999999,4,2,0,0,0,CC(C)(C#N)c1cc(Cn2cncn2)cc(C(C)(C)C#N)c1
TERBINAFINE,-1.863,2.621510778139088,NonHit,Other,Other,291.438,4.877300000000004,1,0,3.24,4,2,0,0,0,CN(C/C=C/C#CC(C)(C)C)Cc1cccc2ccccc12
TAPINAROF,-1.511,2.8738214730738263,NonHit,Other,Other,254.329,4.391600000000004,2,2,40.46,3,2,0,0,0,CC(C)c1c(O)cc(/C=C/c2ccccc2)cc1O
Bezafibrate,-1.266,0.6835955492869593,NonHit,Carboxylic_acid,Other,361.82500000000005,3.5545000000000018,3,2,75.63,7,2,1,1,0,CC(C)(C(=O)O)OC1=CC=C(C=C1)CCNC(=O)C2=CC=C(C=C2)Cl
Indomethacin,-1.12,0.7193180408832469,NonHit,Carboxylic_acid,Other,357.7930000000002,3.9273200000000026,3,1,68.53,4,3,1,0,0,CC1=C(C2=C(N1C(=O)C3=CC=C(C=C3)Cl)C=C(C=C2)OC)CC(=O)O
VADADUSTAT,-0.944,3.280242393607909,NonHit,Amino_acid,Other,306.70500000000004,1.9219999999999993,4,3,99.52000000000001,4,2,1,1,0,O=C(O)CNC(=O)c1ncc(-c2cccc(Cl)c2)cc1O
NORFLOXACIN,-0.353,3.70386631606936,NonHit,Carboxylic_acid,Other,319.336,1.2683,4,2,74.57000000000001,3,3,1,0,0,CCn1cc(C(=O)O)c(=O)c2cc(F)c(N3CCNCC3)cc21
LIOTHYRONINE,-0.148,3.850808624198966,NonHit,Amino_acid,Other,650.9760000000001,3.952700000000001,4,3,92.78000000000002,5,2,1,0,0,N[C@@H](Cc1cc(I)c(Oc2ccc(O)c(I)c2)c(I)c1)C(=O)O
OLSALAZINE,-0.085,3.895966504258308,NonHit,Salicylate,Other,302.242,2.9096000000000006,6,4,139.78,4,2,2,0,0,O=C(O)c1cc(/N=N/c2ccc(O)c(C(=O)O)c2)ccc1O
Riboflavin,-0.01013,0.990875039157026,NonHit,Carbonyl,Other,362.342,-0.9143599999999998,8,5,155.04999999999998,1,3,0,3,1,CC1=C(C=C(C(=C1)C)N=C2C(=O)NC(=O)N=C2N3CC(C(C3O)O)O)O
"3,3',4',5-TETRACHLOROSALICYLANILIDE",0.0,3.956893802751072,NonHit,Carbonyl,Other,351.0160000000001,5.258100000000002,2,2,49.33,2,2,0,1,0,O=C(Nc1ccc(Cl)c(Cl)c1)c1cc(Cl)cc(Cl)c1O
EPALRESTAT,0.0,3.956893802751072,NonHit,Amino_acid,Other,319.407,2.918700000000001,4,1,57.61000000000001,4,2,1,1,0,CC(/C=C1\SC(=S)N(CC(=O)O)C1=O)=C\c1ccccc1
HYDROXYSTILBAMIDINE,0.0,3.956893802751072,NonHit,Other,Other,280.33099999999996,2.1307400000000003,3,5,119.97,4,2,0,0,0,N=C(N)c1ccc(/C=C/c2ccc(C(=N)N)cc2O)cc1
TEGASEROD,0.0,3.956893802751072,NonHit,Guanidine,Other,301.3940000000001,2.8145700000000007,3,4,85.29,7,2,0,0,0,CCCCCNC(=N)N/N=C/c1c[nH]c2ccc(OC)cc12
Meloxicam,0.05911,1.0078163084592655,NonHit,Sulfonamide,Other,325.3710000000001,1.88032,6,1,91.9,2,3,0,2,1,CC1=CC=CS(=O)(=O)N1C(=O)NC2=C(C3=NC=C(S3)C)O2
Montelukast,0.6323,1.148061342418691,NonHit,Carboxylic_acid,Other,466.6870000000003,7.084700000000008,3,2,57.53,12,3,1,0,0,CC(C)(C1=CC=CC=C1CC[C@H](C2=CC=CC(=C2)CC=C(C)C)SCC3(CC3)CC(=O)O)O
Sulindac,0.6643,1.1558909296178772,NonHit,Carboxylic_acid,Other,356.418,4.318820000000003,2,1,54.37,4,3,1,0,0,CC1=C(C2=C(C=CC(=C2)F)C(=C1)CC(=O)O)C3=CC=C(C=C3)S(=O)C
Ursodeoxycholic_Acid,0.9351,1.2221488112909915,NonHit,Carboxylic_acid,Carboxylic_acid,392.58000000000015,4.477900000000006,3,3,77.76,4,4,1,0,0,CC(CCC(=O)O)C1CCC2C1(CCC3C2C(CC4C3(CCC(C4)O)C)O)C
Simvastatin,1.155,1.2759527558254002,NonHit,Dicarboxylic_acid,Statin,432.60100000000034,4.975700000000005,5,1,72.83,6,3,2,0,0,CCC(C)(C)C(=O)OC1CC(C=C2C1C(C(C=C2)C)CCC3CC(O)(CC(=O)O3)C)C
Pravastatin,1.174,1.280601573224917,NonHit,Dicarboxylic_acid,Statin,432.60100000000034,4.975700000000005,5,1,72.83,6,3,2,0,0,CCC(C)(C)C(=O)OC1CC(C=C2C1C(C(C=C2)C)CCC3CC(O)(CC(=O)O3)C)C
Folic_Acid,3.064,1.7430365671768595,NonHit,Amino_acid,Carboxylic_acid,441.40400000000017,-0.044799999999998674,9,6,213.27999999999997,9,3,2,1,0,C1=CC(=CC=C1C(=O)NC(CCC(=O)O)C(=O)O)NCC2=CN=C3C(=N2)C(=O)N=C(N3)N
Celecoxib,4.869,2.184674220130964,NonHit,Sulfonamide,NSAID,381.3790000000001,3.5139200000000015,3,1,77.98,3,3,0,0,0,CC1=CC=C(C=C1)C2=CC(=NN2C3=CC=C(C=C3)S(=O)(=O)N)C(F)(F)F
Retinoic_Acid,6.011,2.464092613301926,NonHit,Carboxylic_acid,Carboxylic_acid,300.44200000000006,5.602600000000005,1,1,37.3,5,1,1,0,0,CC1=C(C(CCC1)(C)C)C=CC(=CC=CC(=CC(=O)O)C)C
Methotrexate,6.317,2.5389630408941453,NonHit,Amino_acid,Other,454.44700000000023,0.2684000000000003,10,5,210.53999999999996,9,3,2,1,0,CN(CC1=CN=C2C(=N1)C(=NC(=N2)N)N)C3=CC=C(C=C3)C(=O)NC(CCC(=O)O)C(=O)O
Cholic_Acid,6.5,2.583738492689492,NonHit,Carboxylic_acid,Carboxylic_acid,408.5790000000002,3.448700000000003,4,4,97.99000000000001,4,4,1,0,0,CC(CCC(=O)O)C1CCC2C1(C(CC3C2C(CC4C3(CCC(C4)O)C)O)O)C
Deoxycholic_Acid,7.329,2.786573736068413,NonHit,Carboxylic_acid,Carboxylic_acid,408.5790000000002,3.448700000000003,4,4,97.99000000000001,4,4,1,0,0,CC(CCC(=O)O)C1CCC2C1(C(CC3C2CC(C4C3(CCC(C4)O)C)O)O)C
Zafirlukast,15.54,4.795596876459631,NonHit,Sulfonamide,Other,410.4510000000002,3.06112,5,3,126.56,5,3,1,1,0,CC1=CC(=C(C=C1)C2=CC=C(C=C2)C(=O)NS(=O)(=O)C3=CC=CC=C3C(=O)O)N
