name,best_affinity,z_score,hit_level,family,round,source,exhaustiveness,scaffold,smiles
NAFTAZONE,-8.339,-2.020432575262528,L1_Strong,Other,R4,chembl_ml_screen,16,N=C1C=Cc2ccccc2C1=O,NC(=O)N/N=C1\C=Cc2ccccc2C1=O
PHENOBARBITAL,-8.299,-1.9917609053835794,L2_Moderate,Other,R4,chembl_ml_screen,16,O=C1NC(=O)C(c2ccccc2)C(=O)N1,CCC1(c2ccccc2)C(=O)NC(=O)NC1=O
CYCLOBARBITAL,-7.826,-1.6527184090650242,L2_Moderate,Other,R4,chembl_ml_screen,16,O=C1NC(=O)C(C2=CCCCC2)C(=O)N1,CCC1(C2=CCCCC2)C(=O)NC(=O)NC1=O
BUTALBITAL,-7.728,-1.5824728178616028,L2_Moderate,Other,R4,chembl_ml_screen,16,O=C1CC(=O)NC(=O)N1,C=CCC1(CC(C)C)C(=O)NC(=O)NC1=O
APROBARBITAL,-7.675,-1.5444828552719971,L2_Moderate,Other,R4,chembl_ml_screen,16,O=C1CC(=O)NC(=O)N1,C=CCC1(C(C)C)C(=O)NC(=O)NC1=O
BUTABARBITAL,-7.667,-1.5387485212962078,L2_Moderate,Other,R4,chembl_ml_screen,16,O=C1CC(=O)NC(=O)N1,CCC(C)C1(CC)C(=O)NC(=O)NC1=O
5-Hydroxytryptophan,-7.664,-0.8818325413503578,L3_Absolute,Amino_acid,R1-R3,hand_picked,8,c1ccc2[nH]ccc2c1,C1=CC2=C(C=C1O)C(=CN2)CC(C(=O)O)N
TASIMELTEON,-7.661,-1.5344477708143653,L2_Moderate,Other,R4,chembl_ml_screen,16,c1cc2c(c(C3CC3)c1)CCO2,CCC(=O)NC[C@@H]1C[C@H]1c1cccc2c1CCO2
PRIMIDONE,-7.63,-1.5122272266581813,L2_Moderate,Other,R4,chembl_ml_screen,16,O=C1NCNC(=O)C1c1ccccc1,CCC1(c2ccccc2)C(=O)NCNC1=O
GLUTETHIMIDE,-7.611,-1.498608183465681,L3_Absolute,Other,R4,chembl_ml_screen,16,O=C1CCC(c2ccccc2)C(=O)N1,CCC1(c2ccccc2)CCC(=O)NC1=O
HYDROFLUMETHIAZIDE,-7.589,-1.4828387650322603,L3_Absolute,Other,R4,chembl_ml_screen,16,O=S1(=O)NCNc2ccccc21,NS(=O)(=O)c1cc2c(cc1C(F)(F)F)NCNS2(=O)=O
AMOBARBITAL,-7.583,-1.4785380145504181,L3_Absolute,Other,R4,chembl_ml_screen,16,O=C1CC(=O)NC(=O)N1,CCC1(CCC(C)C)C(=O)NC(=O)NC1=O
ESKETAMINE,-7.58,-1.4763876393094968,L3_Absolute,Other,R4,chembl_ml_screen,16,O=C1CCCCC1c1ccccc1,CN[C@]1(c2ccccc2Cl)CCCCC1=O
MEPHOBARBITAL,-7.564,-1.4649189713579178,L3_Absolute,Other,R4,chembl_ml_screen,16,O=C1NC(=O)C(c2ccccc2)C(=O)N1,CCC1(c2ccccc2)C(=O)NC(=O)N(C)C1=O
PENTOBARBITAL,-7.488,-1.4104427985879175,L3_Absolute,Other,R4,chembl_ml_screen,16,O=C1CC(=O)NC(=O)N1,CCCC(C)C1(CC)C(=O)NC(=O)NC1=O
TETRAHYDROZOLINE,-7.468,-1.3961069636484436,L3_Absolute,Other,R4,chembl_ml_screen,16,c1ccc2c(c1)CCCC2C1=NCCN1,c1ccc2c(c1)CCCC2C1=NCCN1
MEPHENYTOIN,-7.395,-1.343781166119364,L3_Absolute,Other,R4,chembl_ml_screen,16,O=C1NC(=O)C(c2ccccc2)N1,CCC1(c2ccccc2)NC(=O)N(C)C1=O
DEBRISOQUIN,-7.385,-1.3366132486496272,L3_Absolute,Other,R4,chembl_ml_screen,16,c1ccc2c(c1)CCNC2,N=C(N)N1CCc2ccccc2C1
DEXRAZOXANE,-7.378,-1.3315957064208115,L3_Absolute,Other,R4,chembl_ml_screen,16,O=C1CN(CCN2CC(=O)NC(=O)C2)CC(=O)N1,C[C@@H](CN1CC(=O)NC(=O)C1)N1CC(=O)NC(=O)C1
CENOBAMATE,-7.368,-1.3244277889510747,L3_Absolute,Other,R4,chembl_ml_screen,16,c1ccc(CCn2ncnn2)cc1,NC(=O)O[C@@H](Cn1ncnn1)c1ccccc1Cl
METYRAPONE,-7.358,-1.3172598714813375,L3_Absolute,Other,R4,chembl_ml_screen,16,O=C(Cc1cccnc1)c1cccnc1,CC(C)(C(=O)c1cccnc1)c1cccnc1
HYDRALAZINE,-7.344,-1.3072247870237061,L3_Absolute,Other,R4,chembl_ml_screen,16,c1ccc2cnncc2c1,NNc1nncc2ccccc12
PHENACEMIDE,-7.292,-1.269951616181074,L3_Absolute,Other,R4,chembl_ml_screen,16,c1ccccc1,NC(=O)NC(=O)Cc1ccccc1
Biotin_Sulfone,-7.255,-0.7817606299607576,L3_Absolute,Biotin_analog,R1-R3,hand_picked,8,O=C1NC2CS(=O)(=O)CC2N1,C1C2C(C(S1(=O)=O)CCCCC(=O)O)NC(=O)N2
SECOBARBITAL,-7.243,-1.2348288205793636,L3_Absolute,Other,R4,chembl_ml_screen,16,O=C1CC(=O)NC(=O)N1,C=CCC1(C(C)CCC)C(=O)NC(=O)NC1=O
DICLOFENAC,-7.232,-1.226944111362653,L3_Absolute,Other,R4,chembl_ml_screen,16,c1ccc(Nc2ccccc2)cc1,O=C(O)Cc1ccccc1Nc1c(Cl)cccc1Cl
CICLOPIROX,-7.213,-1.2133250681701526,L3_Absolute,Other,R4,chembl_ml_screen,16,O=c1cccc(C2CCCCC2)[nH]1,Cc1cc(C2CCCCC2)n(O)c(=O)c1
RUFINAMIDE,-7.2,-1.2040067754594947,L3_Absolute,Other,R4,chembl_ml_screen,16,c1ccc(Cn2ccnn2)cc1,NC(=O)c1cn(Cc2c(F)cccc2F)nn1
METHSUXIMIDE,-7.191,-1.1975556497367315,L3_Absolute,Other,R4,chembl_ml_screen,16,O=C1CC(c2ccccc2)C(=O)N1,CN1C(=O)CC(C)(c2ccccc2)C1=O
Diclofenac,-7.15,-0.7560697969634276,L3_Absolute,Other,R1-R3,hand_picked,8,c1ccc(Nc2ccccc2)cc1,C1=CC=C(C(=C1)CC(=O)O)NC2=C(C=CC=C2Cl)Cl
PEMOLINE,-7.13,-1.1538313531713362,L3_Absolute,Other,R4,chembl_ml_screen,16,O=C1N=COC1c1ccccc1,NC1=NC(=O)C(c2ccccc2)O1
LAMOTRIGINE,-7.106,-1.1366283512439677,L3_Absolute,Other,R4,chembl_ml_screen,16,c1ccc(-c2cncnn2)cc1,Nc1nnc(-c2cccc(Cl)c2Cl)c(N)n1
TIPIRACIL,-7.078,-1.1165581823287047,L3_Absolute,Other,R4,chembl_ml_screen,16,N=C1CCCN1Cc1cc(=O)[nH]c(=O)[nH]1,N=C1CCCN1Cc1[nH]c(=O)[nH]c(=O)c1Cl
BELINOSTAT,-7.063,-1.105806306124099,L3_Absolute,Other,R4,chembl_ml_screen,16,O=S(=O)(Nc1ccccc1)c1ccccc1,O=C(/C=C/c1cccc(S(=O)(=O)Nc2ccccc2)c1)NO
BARBITAL,-7.045,-1.0929040546785727,L3_Absolute,Other,R4,chembl_ml_screen,16,O=C1CC(=O)NC(=O)N1,CCC1(CC)C(=O)NC(=O)NC1=O
PROXIBARBAL,-7.035,-1.0857361372088359,L3_Absolute,Other,R4,chembl_ml_screen,16,O=C1CC(=O)NC(=O)N1,C=CCC1(CC(C)O)C(=O)NC(=O)NC1=O
IBUDILAST,-7.025,-1.0785682197390993,L3_Absolute,Other,R4,chembl_ml_screen,16,c1ccn2nccc2c1,CC(C)C(=O)c1c(C(C)C)nn2ccccc12
AMINOGLUTETHIMIDE,-7.011,-1.0685331352814673,L3_Absolute,Other,R4,chembl_ml_screen,16,O=C1CCC(c2ccccc2)C(=O)N1,CCC1(c2ccc(N)cc2)CCC(=O)NC1=O
INDALPINE,-7.0,-1.0606484260647566,L5_Weak,Other,R4,chembl_ml_screen,16,c1ccc2c(CCC3CCNCC3)c[nH]c2c1,c1ccc2c(CCC3CCNCC3)c[nH]c2c1
RASAGILINE,-6.981,-1.0470293828722566,L4_BiotinLike,Other,R4,chembl_ml_screen,16,c1ccc2c(c1)CCC2,C#CCN[C@@H]1CCc2ccccc21
METAXALONE,-6.971,-1.0398614654025198,L4_BiotinLike,Other,R4,chembl_ml_screen,16,O=C1NCC(COc2ccccc2)O1,Cc1cc(C)cc(OCC2CNC(=O)O2)c1
PHENMETRAZINE,-6.97,-1.0391446736555459,L4_BiotinLike,Other,R4,chembl_ml_screen,16,c1ccc(C2CNCCO2)cc1,CC1NCCOC1c1ccccc1
NITROXOLINE,-6.945,-1.021224879981204,L4_BiotinLike,Other,R4,chembl_ml_screen,16,c1ccc2ncccc2c1,O=[N+]([O-])c1ccc(O)c2ncccc12
Homobiotin,-6.944,-0.7056668293686654,L4_BiotinLike,Biotin_analog,R1-R3,hand_picked,8,O=C1NC2CSCC2N1,C1C2C(C(S1)CCCCCC(=O)O)NC(=O)N2
SULFAPYRIDINE,-6.921,-1.0040218780538355,L4_BiotinLike,Other,R4,chembl_ml_screen,16,O=S(=O)(Nc1ccccn1)c1ccccc1,Nc1ccc(S(=O)(=O)Nc2ccccn2)cc1
Desthiobiotin,-6.914,-0.6983265913694282,L4_BiotinLike,Biotin_analog,R1-R3,hand_picked,8,O=C1NCCN1,CC1C(NC(=O)N1)CCCCCC(=O)O
TEGAFUR,-6.887,-0.9796509586567295,L4_BiotinLike,Other,R4,chembl_ml_screen,16,O=c1ccn(C2CCCO2)c(=O)[nH]1,O=c1[nH]c(=O)n(C2CCCO2)cc1F
BENZOYL PEROXIDE,-6.885,-0.9782173751627823,L4_BiotinLike,Other,R4,chembl_ml_screen,16,O=C(OOC(=O)c1ccccc1)c1ccccc1,O=C(OOC(=O)c1ccccc1)c1ccccc1
ATOMOXETINE,-6.883,-0.976783791668835,L4_BiotinLike,Other,R4,chembl_ml_screen,16,c1ccc(COc2ccccc2)cc1,CNCC[C@@H](Oc1ccccc1C)c1ccccc1
L-Tryptophan,-6.876,-0.6890289565703946,L4_BiotinLike,Amino_acid,R1-R3,hand_picked,8,c1ccc2[nH]ccc2c1,C1=CC=C2C(=C1)C(=CN2)CC(C(=O)O)N
Biotin_Sulfoxide,-6.868,-0.687071559770598,L4_BiotinLike,Biotin_analog,R1-R3,hand_picked,8,O=C1NC2CS(=O)CC2N1,C1C2C(C(S1(=O))CCCCC(=O)O)NC(=O)N2
ZONISAMIDE,-6.866,-0.964598331970282,L4_BiotinLike,Other,R4,chembl_ml_screen,16,c1ccc2oncc2c1,NS(=O)(=O)Cc1noc2ccccc12
TRYPTOPHAN,-6.865,-0.9638815402233087,L4_BiotinLike,Amino_acid,R4,chembl_ml_screen,16,c1ccc2[nH]ccc2c1,N[C@@H](Cc1c[nH]c2ccccc12)C(=O)O
CARBARIL,-6.854,-0.955996831006598,L4_BiotinLike,Other,R4,chembl_ml_screen,16,c1ccc2ccccc2c1,CNC(=O)Oc1cccc2ccccc12
MENADIONE,-6.826,-0.9359266620913345,L4_BiotinLike,Other,R4,chembl_ml_screen,16,O=C1C=CC(=O)c2ccccc21,CC1=CC(=O)c2ccccc2C1=O
TROPICAMIDE,-6.826,-0.9359266620913345,L4_BiotinLike,Other,R4,chembl_ml_screen,16,O=C(Cc1ccccc1)NCc1ccncc1,CCN(Cc1ccncc1)C(=O)C(CO)c1ccccc1
BIOTIN,-6.816,-0.9287587446215977,L4_BiotinLike,Biotin_analog,R4,chembl_ml_screen,16,O=C1N[C@H]2CSC[C@H]2N1,O=C(O)CCCC[C@@H]1SC[C@@H]2NC(=O)N[C@@H]21
BENZYL BENZOATE,-6.8,-0.9172900766700186,L4_BiotinLike,Other,R4,chembl_ml_screen,16,O=C(OCc1ccccc1)c1ccccc1,O=C(OCc1ccccc1)c1ccccc1
LOFEXIDINE,-6.783,-0.9051046169714663,L4_BiotinLike,Other,R4,chembl_ml_screen,16,c1ccc(OCC2=NCCN2)cc1,CC(Oc1c(Cl)cccc1Cl)C1=NCCN1
SOLRIAMFETOL,-6.763,-0.8907687820319922,L4_BiotinLike,Other,R4,chembl_ml_screen,16,c1ccccc1,NC(=O)OC[C@H](N)Cc1ccccc1
Biotin,-6.762,-0.6611360521732931,L4_BiotinLike,Biotin_analog,R1-R3,hand_picked,8,O=C1NC2CSCC2N1,C1C2C(C(S1)CCCCC(=O)O)NC(=O)N2
Flufenamic_Acid,-6.741,-0.6559978855738271,L5_Weak,Fenamate,R1-R3,hand_picked,8,c1ccc(Nc2ccccc2)cc1,FC(F)(F)C1=CC=CC(=C1)NC2=CC=CC=C2C(=O)O
Norbiotin,-6.739,-0.655508536373878,L5_Weak,Biotin_analog,R1-R3,hand_picked,8,O=C1NC2CSCC2N1,C1C2C(C(S1)CCCC(=O)O)NC(=O)N2
MONOBENZONE,-6.736,-0.8714154048637025,L5_Weak,Other,R4,chembl_ml_screen,16,c1ccc(COc2ccccc2)cc1,Oc1ccc(OCc2ccccc2)cc1
SULFADIAZINE,-6.731,-0.8678314461288341,L5_Weak,Other,R4,chembl_ml_screen,16,O=S(=O)(Nc1ncccn1)c1ccccc1,Nc1ccc(S(=O)(=O)Nc2ncccn2)cc1
L-Phenylalanine,-6.721,-0.6511043935743357,L5_Weak,Amino_acid,R1-R3,hand_picked,8,c1ccccc1,C1=CC=C(C=C1)CC(C(=O)O)N
Niflumic_Acid,-6.72,-0.6508597189743611,L5_Weak,Fenamate,R1-R3,hand_picked,8,c1ccc(Nc2ccccn2)cc1,FC(F)(F)C1=CC=NC(=C1)NC2=CC=CC=C2C(=O)O
TICLOPIDINE,-6.706,-0.8499116524544922,L5_Weak,Other,R4,chembl_ml_screen,16,c1ccc(CN2CCc3sccc3C2)cc1,Clc1ccccc1CN1CCc2sccc2C1
CHLORZOXAZONE,-6.699,-0.844894110225676,L5_Weak,Other,R4,chembl_ml_screen,16,O=c1[nH]c2ccccc2o1,O=c1[nH]c2cc(Cl)ccc2o1
COUMARIN,-6.687,-0.836292609261992,L5_Weak,Other,R4,chembl_ml_screen,16,O=c1ccc2ccccc2o1,O=c1ccc2ccccc2o1
DIAZOXIDE,-6.682,-0.8327086505271236,L5_Weak,Other,R4,chembl_ml_screen,16,O=S1(=O)NC=Nc2ccccc21,CC1=Nc2ccc(Cl)cc2S(=O)(=O)N1
Aspirin,-6.676,-0.64009403657548,L5_Weak,Other,R1-R3,hand_picked,8,c1ccccc1,CC(=O)OC1=CC=CC=C1C(=O)O
KETAMINE,-6.665,-0.8205231908285707,L5_Weak,Other,R4,chembl_ml_screen,16,O=C1CCCCC1c1ccccc1,CNC1(c2ccccc2Cl)CCCCC1=O
PHENSUXIMIDE,-6.651,-0.8104881063709388,L5_Weak,Other,R4,chembl_ml_screen,16,O=C1CC(c2ccccc2)C(=O)N1,CN1C(=O)CC(c2ccccc2)C1=O
ETOMIDATE,-6.637,-0.800453021913307,L5_Weak,Other,R4,chembl_ml_screen,16,c1ccc(Cn2ccnc2)cc1,CCOC(=O)c1cncn1[C@H](C)c1ccccc1
ACYCLOVIR,-6.632,-0.7968690631784386,L5_Weak,Other,R4,chembl_ml_screen,16,O=c1[nH]cnc2[nH]cnc12,Nc1nc2c(ncn2COCCO)c(=O)[nH]1
LOMUSTINE,-6.629,-0.7947186879375175,L5_Weak,Other,R4,chembl_ml_screen,16,C1CCCCC1,O=NN(CCCl)C(=O)NC1CCCCC1
MELATONIN,-6.609,-0.780382852998044,L5_Weak,Other,R4,chembl_ml_screen,16,c1ccc2[nH]ccc2c1,COc1ccc2[nH]cc(CCNC(C)=O)c2c1
CLAVULANIC ACID,-6.603,-0.7760821025162017,L5_Weak,Carboxylic_acid,R4,chembl_ml_screen,16,C=C1CN2C(=O)C[C@H]2O1,O=C(O)[C@H]1/C(=C/CO)O[C@@H]2CC(=O)N21
NAPHAZOLINE,-6.603,-0.7760821025162017,L5_Weak,Other,R4,chembl_ml_screen,16,c1ccc2c(CC3=NCCN3)cccc2c1,c1ccc2c(CC3=NCCN3)cccc2c1
NICOTINE,-6.603,-0.7760821025162017,L5_Weak,Other,R4,chembl_ml_screen,16,c1cncc([C@@H]2CCCN2)c1,CN1CCC[C@H]1c1cccnc1
CLOBENZOREX,-6.597,-0.77178135203436,L5_Weak,Other,R4,chembl_ml_screen,16,c1ccc(CCNCc2ccccc2)cc1,CC(Cc1ccccc1)NCc1ccccc1Cl
FENCLOFENAC,-6.593,-0.7689141850464649,L5_Weak,Other,R4,chembl_ml_screen,16,c1ccc(Oc2ccccc2)cc1,O=C(O)Cc1ccccc1Oc1ccc(Cl)cc1Cl
NITISINONE,-6.583,-0.7617462675767283,L5_Weak,Other,R4,chembl_ml_screen,16,O=C1CCCC(=O)C1C(=O)c1ccccc1,O=C1CCCC(=O)C1C(=O)c1ccc(C(F)(F)F)cc1[N+](=O)[O-]
AMINOREX,-6.575,-0.7560119336009387,L5_Weak,Other,R4,chembl_ml_screen,16,C1=NCC(c2ccccc2)O1,NC1=NCC(c2ccccc2)O1
Meclofenamic_Acid,-6.574,-0.6151372273780734,L5_Weak,Fenamate,R1-R3,hand_picked,8,c1ccc(Nc2ccccc2)cc1,CC1=CC=C(C(=C1)NC2=CC=CC=C2C(=O)O)Cl
PILOCARPINE,-6.571,-0.7531447666130436,L5_Weak,Other,R4,chembl_ml_screen,16,O=C1C[C@@H](Cc2cnc[nH]2)CO1,CC[C@@H]1C(=O)OC[C@@H]1Cc1cncn1C
MECLOFENAMIC ACID,-6.567,-0.7502775996251492,L5_Weak,Fenamate,R4,chembl_ml_screen,16,c1ccc(Nc2ccccc2)cc1,Cc1ccc(Cl)c(Nc2ccccc2C(=O)O)c1Cl
DEXMEDETOMIDINE,-6.566,-0.7495608078781753,L5_Weak,Other,R4,chembl_ml_screen,16,c1ccc(Cc2c[nH]cn2)cc1,Cc1cccc([C@H](C)c2c[nH]cn2)c1C
METHYPRYLON,-6.563,-0.747410432637254,L5_Weak,Other,R4,chembl_ml_screen,16,O=C1CCNC(=O)C1,CCC1(CC)C(=O)NCC(C)C1=O
TEMOZOLOMIDE,-6.538,-0.7294906389629122,L5_Weak,Other,R4,chembl_ml_screen,16,O=c1[nH]nnc2cncn12,Cn1nnc2c(C(N)=O)ncn2c1=O
Gemfibrozil,-6.534,-0.6053502433790905,L5_Weak,Other,R1-R3,hand_picked,8,c1ccccc1,CC1=CC(=C(C=C1)C)OCCCC(C)(C)C(=O)O
Oxaprozin,-6.532,-0.6048608941791415,L5_Weak,Other,R1-R3,hand_picked,8,c1ccc(-c2ccno2)cc1,C1=CC=C(C=C1)C2=CC(=NO2)CCC(=O)O
MILNACIPRAN,-6.532,-0.7251898884810699,L5_Weak,Other,R4,chembl_ml_screen,16,c1ccc(C2CC2)cc1,CCN(CC)C(=O)C1(c2ccccc2)CC1CN
PINDOLOL,-6.51,-0.7094204700476485,L5_Weak,Other,R4,chembl_ml_screen,16,c1ccc2[nH]ccc2c1,CC(C)NCC(O)COc1cccc2[nH]ccc12
DIROXIMEL FUMARATE,-6.501,-0.7029693443248858,L5_Weak,Other,R4,chembl_ml_screen,16,O=C1CCC(=O)N1,COC(=O)/C=C/C(=O)OCCN1C(=O)CCC1=O
PRAMIPEXOLE,-6.497,-0.7001021773369906,L5_Weak,Other,R4,chembl_ml_screen,16,c1nc2c(s1)CCCC2,CCCN[C@H]1CCc2nc(N)sc2C1
PHENYL AMINOSALICYLATE,-6.485,-0.6915006763733067,L5_Weak,Other,R4,chembl_ml_screen,16,O=C(Oc1ccccc1)c1ccccc1,Nc1ccc(C(=O)Oc2ccccc2)c(O)c1
Hippuric_Acid,-6.485,-0.5933611879803365,L5_Weak,Carboxylic_acid,R1-R3,hand_picked,8,c1ccccc1,C1=CC=CC=C1C(=O)NCC(=O)O
CEDAZURIDINE,-6.483,-0.6900670928793589,L5_Weak,Other,R4,chembl_ml_screen,16,O=C1NCCCN1[C@H]1CCCO1,O=C1N[C@H](O)CCN1[C@@H]1O[C@H](CO)[C@@H](O)C1(F)F
ISOCARBOXAZID,-6.468,-0.6793152166747537,L5_Weak,Other,R4,chembl_ml_screen,16,O=C(NNCc1ccccc1)c1ccon1,Cc1cc(C(=O)NNCc2ccccc2)no1
CHLOROTHIAZIDE,-6.464,-0.6764480496868593,L5_Weak,Other,R4,chembl_ml_screen,16,O=S1(=O)NC=Nc2ccccc21,NS(=O)(=O)c1cc2c(cc1Cl)N=CNS2(=O)=O
ZILEUTON,-6.452,-0.6678465487231747,L5_Weak,Other,R4,chembl_ml_screen,16,c1ccc2sccc2c1,CC(c1cc2ccccc2s1)N(O)C(N)=O
THIAMYLAL,-6.439,-0.6585282560125167,L5_Weak,Other,R4,chembl_ml_screen,16,O=C1CC(=O)NC(=S)N1,C=CCC1(C(C)CCC)C(=O)NC(=S)NC1=O
PHENYLBUTANOIC ACID,-6.436,-0.6563778807715956,L5_Weak,Carboxylic_acid,R4,chembl_ml_screen,16,c1ccccc1,O=C(O)CCCc1ccccc1
Biotin_Methyl_Ester,-6.426,-0.5789253865818368,L5_Weak,Biotin_analog,R1-R3,hand_picked,8,O=C1NC2CSCC2N1,C1C2C(C(S1)CCCCC(=O)OC)NC(=O)N2
SULTHIAME,-6.404,-0.6334405448684376,L5_Weak,Other,R4,chembl_ml_screen,16,O=S1(=O)CCCCN1c1ccccc1,NS(=O)(=O)c1ccc(N2CCCCS2(=O)=O)cc1
BRIVARACETAM,-6.395,-0.6269894191456741,L5_Weak,Other,R4,chembl_ml_screen,16,O=C1CCCN1,CCC[C@@H]1CC(=O)N([C@@H](CC)C(N)=O)C1
FENOPROFEN,-6.394,-0.6262726273987008,L5_Weak,Profens,R4,chembl_ml_screen,16,c1ccc(Oc2ccccc2)cc1,CC(C(=O)O)c1cccc(Oc2ccccc2)c1
Azelaic_Acid,-6.394,-0.5710957993826504,L5_Weak,Carboxylic_acid,R1-R3,hand_picked,8,,C(CCCCCCC(=O)O)CC(=O)O
ZOLEDRONIC ACID ANHYDROUS,-6.393,-0.6255558356517269,L5_Weak,Carboxylic_acid,R4,chembl_ml_screen,16,c1c[nH]cn1,O=P(O)(O)C(O)(Cn1ccnc1)P(=O)(O)O
MOLSIDOMINE,-6.393,-0.6255558356517269,L5_Weak,Other,R4,chembl_ml_screen,16,c1c[n+](N2CCOCC2)no1,CCOC(=O)[N-]c1c[n+](N2CCOCC2)no1
ETHOTOIN,-6.392,-0.6248390439047535,L5_Weak,Other,R4,chembl_ml_screen,16,O=C1NC(=O)C(c2ccccc2)N1,CCN1C(=O)NC(c2ccccc2)C1=O
CARTEOLOL,-6.374,-0.6119367924592267,L5_Weak,Other,R4,chembl_ml_screen,16,O=C1CCc2ccccc2N1,CC(C)(C)NCC(O)COc1cccc2c1CCC(=O)N2
DEXMETHYLPHENIDATE,-6.361,-0.6026184997485687,L5_Weak,Other,R4,chembl_ml_screen,16,c1ccc(C[C@H]2CCCCN2)cc1,COC(=O)[C@H](c1ccccc1)[C@H]1CCCCN1
NITROFURAZONE,-6.36,-0.6019017080015955,L5_Weak,Other,R4,chembl_ml_screen,16,c1ccoc1,NC(=O)N/N=C/c1ccc([N+](=O)[O-])o1
PROPAFENONE,-6.357,-0.5997513327606744,L5_Weak,Other,R4,chembl_ml_screen,16,O=C(CCc1ccccc1)c1ccccc1,CCCNCC(O)COc1ccccc1C(=O)CCc1ccccc1
TYROSINE,-6.356,-0.5990345410137005,L5_Weak,Amino_acid,R4,chembl_ml_screen,16,c1ccccc1,N[C@@H](Cc1ccc(O)cc1)C(=O)O
GABAPENTIN,-6.35,-0.5947337905318582,L5_Weak,Other,R4,chembl_ml_screen,16,C1CCCCC1,NCC1(CC(=O)O)CCCCC1
AZELAIC ACID,-6.349,-0.5940169987848848,L5_Weak,Carboxylic_acid,R4,chembl_ml_screen,16,,O=C(O)CCCCCCCC(=O)O
BENZPHETAMINE,-6.346,-0.5918666235439637,L5_Weak,Other,R4,chembl_ml_screen,16,c1ccc(CCNCc2ccccc2)cc1,C[C@@H](Cc1ccccc1)N(C)Cc1ccccc1
DROXIDOPA,-6.346,-0.5918666235439637,L5_Weak,Amino_acid,R4,chembl_ml_screen,16,c1ccccc1,N[C@H](C(=O)O)[C@H](O)c1ccc(O)c(O)c1
MOLINDONE,-6.343,-0.5897162483030425,L5_Weak,Other,R4,chembl_ml_screen,16,O=C1c2cc[nH]c2CCC1CN1CCOCC1,CCc1c(C)[nH]c2c1C(=O)C(CN1CCOCC1)CC2
Sebacic_Acid,-6.334,-0.5564153233841759,L5_Weak,Carboxylic_acid,R1-R3,hand_picked,8,,C(CCCCCCCC(=O)O)CC(=O)O
NITAZOXANIDE,-6.334,-0.5832651225802791,L5_Weak,Other,R4,chembl_ml_screen,16,O=C(Nc1nccs1)c1ccccc1,CC(=O)Oc1ccccc1C(=O)Nc1ncc([N+](=O)[O-])s1
SECNIDAZOLE,-6.318,-0.5717964546287,L5_Weak,Other,R4,chembl_ml_screen,16,c1c[nH]cn1,Cc1ncc([N+](=O)[O-])n1CC(C)O
PRACTOLOL,-6.309,-0.5653453289059372,L5_Weak,Other,R4,chembl_ml_screen,16,c1ccccc1,CC(=O)Nc1ccc(OCC(O)CNC(C)C)cc1
Levodopa,-6.308,-0.550053783784837,L5_Weak,Amino_acid,R1-R3,hand_picked,8,c1ccccc1,C1=CC(=C(C=C1CC(C(=O)O)N)O)O
METHYLPHENIDATE,-6.295,-0.5553102444483053,L5_Weak,Other,R4,chembl_ml_screen,16,c1ccc(CC2CCCCN2)cc1,COC(=O)C(c1ccccc1)C1CCCCN1
LEVODOPA,-6.294,-0.5545934527013314,L5_Weak,Amino_acid,R4,chembl_ml_screen,16,c1ccccc1,N[C@@H](Cc1ccc(O)c(O)c1)C(=O)O
Pantothenic_Acid,-6.283,-0.5439369187854729,L5_Weak,Carboxylic_acid,R1-R3,hand_picked,8,,CC(C)(CO)C(O)C(=O)NCCC(=O)O
ZALCITABINE,-6.27,-0.5373904507739629,L5_Weak,Other,R4,chembl_ml_screen,16,O=c1ncccn1[C@H]1CCCO1,Nc1ccn([C@H]2CC[C@@H](CO)O2)c(=O)n1
THIOPENTAL,-6.268,-0.5359568672800157,L5_Weak,Other,R4,chembl_ml_screen,16,O=C1CC(=O)NC(=S)N1,CCCC(C)C1(CC)C(=O)NC(=S)NC1=O
ROPINIROLE,-6.261,-0.5309393250512,L5_Weak,Other,R4,chembl_ml_screen,16,O=C1Cc2ccccc2N1,CCCN(CCC)CCc1cccc2c1CC(=O)N2
RILUZOLE,-6.25,-0.5230546158344894,L5_Weak,Other,R4,chembl_ml_screen,16,c1ccc2scnc2c1,Nc1nc2ccc(OC(F)(F)F)cc2s1
PROPRANOLOL,-6.239,-0.5151699066177787,L5_Weak,Other,R4,chembl_ml_screen,16,c1ccc2ccccc2c1,CC(C)NCC(O)COc1cccc2ccccc12
LINDANE,-6.238,-0.5144531148708054,L5_Weak,Other,R4,chembl_ml_screen,16,C1CCCCC1,Cl[C@H]1[C@H](Cl)[C@@H](Cl)[C@@H](Cl)[C@H](Cl)[C@H]1Cl
ISOSORBIDE MONONITRATE,-6.232,-0.5101523643889632,L5_Weak,Other,R4,chembl_ml_screen,16,C1C[C@H]2OCC[C@H]2O1,O=[N+]([O-])O[C@@H]1CO[C@H]2[C@@H]1OC[C@@H]2O
L-Tyrosine,-6.23,-0.5309691649868206,L5_Weak,Amino_acid,R1-R3,hand_picked,8,c1ccccc1,C1=CC(=CC=C1CC(C(=O)O)N)O
MOXONIDINE,-6.227,-0.5065684056540948,L5_Weak,Other,R4,chembl_ml_screen,16,c1ncc(NC2=NCCN2)cn1,COc1nc(C)nc(Cl)c1NC1=NCCN1
HEXYLCAINE,-6.226,-0.5058516139071209,L5_Weak,Other,R4,chembl_ml_screen,16,O=C(OCCNC1CCCCC1)c1ccccc1,CC(CNC1CCCCC1)OC(=O)c1ccccc1
ACIPIMOX,-6.223,-0.5037012386661996,L5_Weak,Other,R4,chembl_ml_screen,16,c1c[nH+]ccn1,Cc1cnc(C(=O)O)c[n+]1[O-]
QUINETHAZONE,-6.222,-0.5029844469192264,L5_Weak,Other,R4,chembl_ml_screen,16,O=C1NCNc2ccccc21,CCC1NC(=O)c2cc(S(N)(=O)=O)c(Cl)cc2N1
PIRFENIDONE,-6.217,-0.49940048818435734,L5_Weak,Other,R4,chembl_ml_screen,16,O=c1ccccn1-c1ccccc1,Cc1ccc(=O)n(-c2ccccc2)c1
EDARAVONE,-6.209,-0.49366615420856785,L5_Weak,Other,R4,chembl_ml_screen,16,O=C1CC=NN1c1ccccc1,CC1=NN(c2ccccc2)C(=O)C1
Fenbufen,-6.207,-0.5253416491874052,L5_Weak,Other,R1-R3,hand_picked,8,O=C(CCc1ccccc1)c1ccccc1,C1=CC=C(C=C1)C(=O)CCC2=CC=C(C=C2)CC(=O)O
STAVUDINE,-6.198,-0.48578144499185777,L5_Weak,Other,R4,chembl_ml_screen,16,O=c1ccn([C@H]2C=CCO2)c(=O)[nH]1,Cc1cn([C@H]2C=C[C@@H](CO)O2)c(=O)[nH]c1=O
ETHOSUXIMIDE,-6.196,-0.4843478614979099,L5_Weak,Other,R4,chembl_ml_screen,16,O=C1CCC(=O)N1,CCC1(C)CC(=O)NC1=O
Hydrochlorothiazide,-6.178,-0.5182460857881427,L5_Weak,Other,R1-R3,hand_picked,8,O=S1(=O)NCNc2ccccc21,C1NC2=CC(=C(C=C2S(=O)(=O)N1)S(=O)(=O)N)Cl
HYDROCHLOROTHIAZIDE,-6.152,-0.45280902463106787,L5_Weak,Other,R4,chembl_ml_screen,16,O=S1(=O)NCNc2ccccc21,NS(=O)(=O)c1cc2c(cc1Cl)NCNS2(=O)=O
OXYBENZONE,-6.144,-0.44707469065527833,L5_Weak,Other,R4,chembl_ml_screen,16,O=C(c1ccccc1)c1ccccc1,COc1ccc(C(=O)c2ccccc2)c(O)c1
MEPERIDINE,-6.141,-0.44492431541435723,L5_Weak,Other,R4,chembl_ml_screen,16,c1ccc(C2CCNCC2)cc1,CCOC(=O)C1(c2ccccc2)CCN(C)CC1
Fluoxetine,-6.133,-0.5072357287892869,L5_Weak,Other,R1-R3,hand_picked,8,c1ccc(COc2ccccc2)cc1,CNCCC(C1=CC=CC=C1)OC2=CC=C(C=C2)C(F)(F)F
LEVOMILNACIPRAN,-6.131,-0.43775639794462046,L5_Weak,Other,R4,chembl_ml_screen,16,c1ccc(C2CC2)cc1,CCN(CC)C(=O)[C@@]1(c2ccccc2)C[C@H]1CN
Tolfenamic_Acid,-6.127,-0.5057676811894394,L5_Weak,Fenamate,R1-R3,hand_picked,8,c1ccc(Nc2ccccc2)cc1,CC1=CC=CC(=C1NC2=CC=CC=C2C(=O)O)Cl
TOLAZOLINE,-6.127,-0.4348892309567254,L5_Weak,Other,R4,chembl_ml_screen,16,c1ccc(CC2=NCCN2)cc1,c1ccc(CC2=NCCN2)cc1
Phenylacetic_Acid,-6.116,-0.503076260589719,L5_Weak,Carboxylic_acid,R1-R3,hand_picked,8,c1ccccc1,C1=CC=CC=C1CC(=O)O
Tranexamic_Acid,-6.113,-0.5023422367897955,L5_Weak,Carboxylic_acid,R1-R3,hand_picked,8,C1CCCCC1,C1CC(CCC1CN)C(=O)O
TRANEXAMIC ACID,-6.112,-0.4241373547521203,L5_Weak,Carboxylic_acid,R4,chembl_ml_screen,16,C1CCCCC1,NC[C@H]1CC[C@H](C(=O)O)CC1
VILOXAZINE,-6.112,-0.4241373547521203,L5_Weak,Other,R4,chembl_ml_screen,16,c1ccc(OCC2CNCCO2)cc1,CCOc1ccccc1OCC1CNCCO1
SULFALENE,-6.106,-0.41983660427027797,L5_Weak,Other,R4,chembl_ml_screen,16,O=S(=O)(Nc1cnccn1)c1ccccc1,COc1nccnc1NS(=O)(=O)c1ccc(N)cc1
ETHOXZOLAMIDE,-6.099,-0.41481906204146235,L5_Weak,Other,R4,chembl_ml_screen,16,c1ccc2scnc2c1,CCOc1ccc2nc(S(N)(=O)=O)sc2c1
NEPAFENAC,-6.09,-0.4083679363186989,L5_Weak,Other,R4,chembl_ml_screen,16,O=C(c1ccccc1)c1ccccc1,NC(=O)Cc1cccc(C(=O)c2ccccc2)c1N
Nabumetone,-6.079,-0.4940233003906599,L5_Weak,Other,R1-R3,hand_picked,8,c1ccc2ccccc2c1,COC1=CC2=C(C=C1)C=C(C=C2)CCC(=O)C
TELBIVUDINE,-6.077,-0.399049643608041,L5_Weak,Other,R4,chembl_ml_screen,16,O=c1ccn([C@@H]2CCCO2)c(=O)[nH]1,Cc1cn([C@@H]2C[C@@H](O)[C@H](CO)O2)c(=O)[nH]c1=O
PRONETALOL,-6.077,-0.399049643608041,L5_Weak,Other,R4,chembl_ml_screen,16,c1ccc2ccccc2c1,CC(C)NCC(O)c1ccc2ccccc2c1
URACIL MUSTARD,-6.054,-0.38256343342764637,L5_Weak,Other,R4,chembl_ml_screen,16,c1cncnc1,Oc1ncc(N(CCCl)CCCl)c(O)n1
SULFATHIAZOLE,-6.053,-0.38184664168067245,L5_Weak,Other,R4,chembl_ml_screen,16,O=S(=O)(Nc1nccs1)c1ccccc1,Nc1ccc(S(=O)(=O)Nc2nccs2)cc1
PHENDIMETRAZINE,-6.053,-0.38184664168067245,L5_Weak,Other,R4,chembl_ml_screen,16,c1ccc([C@H]2CNCCO2)cc1,C[C@H]1[C@H](c2ccccc2)OCCN1C
DOBUTAMINE,-6.043,-0.3746787242109357,L5_Weak,Other,R4,chembl_ml_screen,16,c1ccc(CCCNCCc2ccccc2)cc1,CC(CCc1ccc(O)cc1)NCCc1ccc(O)c(O)c1
INAMRINONE,-6.033,-0.36751080674119896,L5_Weak,Other,R4,chembl_ml_screen,16,O=c1ccc(-c2ccncc2)c[nH]1,Nc1cc(-c2ccncc2)c[nH]c1=O
THIOGUANINE,-6.026,-0.36249326451238273,L5_Weak,Other,R4,chembl_ml_screen,16,S=c1[nH]cnc2[nH]cnc12,Nc1nc2[nH]cnc2c(=S)[nH]1
PROPYLTHIOURACIL,-6.022,-0.35962609752448826,L5_Weak,Other,R4,chembl_ml_screen,16,O=c1cc[nH]c(=S)[nH]1,CCCc1cc(=O)[nH]c(=S)[nH]1
Probenecid,-6.003,-0.47542803079259244,L5_Weak,Other,R1-R3,hand_picked,8,c1ccccc1,CCCN(CCC)S(=O)(=O)C1=CC=C(C=C1)C(=O)O
PROPYLHEXEDRINE,-6.0,-0.34385667909106693,NonHit,Other,R4,chembl_ml_screen,16,C1CCCCC1,CNC(C)CC1CCCCC1
NALIDIXIC ACID,-5.997,-0.3417063038501458,NonHit,Carboxylic_acid,R4,chembl_ml_screen,16,O=c1cc[nH]c2ncccc12,CCn1cc(C(=O)O)c(=O)c2ccc(C)nc21
HEPTABARBITAL,-5.997,-0.3417063038501458,NonHit,Other,R4,chembl_ml_screen,16,O=C1NC(=O)C(C2=CCCCCC2)C(=O)N1,CCC1(C2=CCCCCC2)C(=O)NC(=O)NC1=O
CHLORNAPHAZINE,-5.981,-0.33023763589856675,NonHit,Other,R4,chembl_ml_screen,16,c1ccc2ccccc2c1,ClCCN(CCCl)c1ccc2ccccc2c1
PRALIDOXIME,-5.969,-0.32163613493488274,NonHit,Other,R4,chembl_ml_screen,16,c1cc[nH+]cc1,C[n+]1ccccc1C=NO
FLOXURIDINE,-5.964,-0.3180521762000144,NonHit,Other,R4,chembl_ml_screen,16,O=c1ccn([C@H]2CCCO2)c(=O)[nH]1,O=c1[nH]c(=O)n([C@H]2C[C@H](O)[C@@H](CO)O2)cc1F
FAVIPIRAVIR,-5.962,-0.3166185927060665,NonHit,Other,R4,chembl_ml_screen,16,c1cnccn1,NC(=O)c1nc(F)cnc1O
PROTRIPTYLINE,-5.954,-0.31088425873027703,NonHit,Other,R4,chembl_ml_screen,16,C1=Cc2ccccc2Cc2ccccc21,CNCCCC1c2ccccc2C=Cc2ccccc21
Suberic_Acid,-5.948,-0.46197092779399096,NonHit,Carboxylic_acid,R1-R3,hand_picked,8,,C(CCCCC(=O)O)CC(=O)O
KETOROLAC,-5.941,-0.3015659660196191,NonHit,Other,R4,chembl_ml_screen,16,O=C(c1ccccc1)c1ccc2n1CCC2,O=C(c1ccccc1)c1ccc2n1CCC2C(=O)O
LEVETIRACETAM,-5.939,-0.30013238252567187,NonHit,Other,R4,chembl_ml_screen,16,O=C1CCCN1,CC[C@@H](C(N)=O)N1CCCC1=O
CHLOROXINE,-5.928,-0.29224767330896123,NonHit,Other,R4,chembl_ml_screen,16,c1ccc2ncccc2c1,Oc1c(Cl)cc(Cl)c2cccnc12
Captopril,-5.924,-0.4560987373946012,NonHit,Other,R1-R3,hand_picked,8,C1CCNC1,CC(CS)C(=O)N1CCCC1C(=O)O
PHENOXYBENZAMINE,-5.919,-0.28579654758619777,NonHit,Other,R4,chembl_ml_screen,16,c1ccc(CNCCOc2ccccc2)cc1,CC(COc1ccccc1)N(CCCl)Cc1ccccc1
THALIDOMIDE,-5.917,-0.28436296409225054,NonHit,Other,R4,chembl_ml_screen,16,O=C1CCC(N2C(=O)c3ccccc3C2=O)C(=O)N1,O=C1CCC(N2C(=O)c3ccccc3C2=O)C(=O)N1
CAPTOPRIL,-5.906,-0.2764782548755399,NonHit,Other,R4,chembl_ml_screen,16,C1CCNC1,C[C@H](CS)C(=O)N1CCC[C@H]1C(=O)O
IFOSFAMIDE,-5.892,-0.26644317041790866,NonHit,Other,R4,chembl_ml_screen,16,O=[PH]1NCCCO1,O=P1(NCCCl)OCCCN1CCCl
Acetaminophen,-5.889,-0.44753512639549115,NonHit,Other,R1-R3,hand_picked,8,c1ccccc1,CC(=O)NC1=CC=C(C=C1)O
PRIMAQUINE,-5.882,-0.2592752529481713,NonHit,Other,R4,chembl_ml_screen,16,c1ccc2ncccc2c1,COc1cc(NC(C)CCCN)c2ncccc2c1
PYRIMETHAMINE,-5.865,-0.24708979324961897,NonHit,Other,R4,chembl_ml_screen,16,c1ccc(-c2cncnc2)cc1,CCc1nc(N)nc(N)c1-c1ccc(Cl)cc1
ETHIONAMIDE,-5.858,-0.24207225102080274,NonHit,Other,R4,chembl_ml_screen,16,c1ccncc1,CCc1cc(C(N)=S)ccn1
MEFENAMIC ACID,-5.856,-0.2406386675268555,NonHit,Fenamate,R4,chembl_ml_screen,16,c1ccc(Nc2ccccc2)cc1,Cc1cccc(Nc2ccccc2C(=O)O)c1C
Mefenamic_Acid,-5.855,-0.4392161899963557,NonHit,Fenamate,R1-R3,hand_picked,8,c1ccc(Nc2ccccc2)cc1,CC1=CC=CC(=C1NC2=CC=CC=C2C(=O)O)C
DACARBAZINE,-5.854,-0.2392050840329083,NonHit,Other,R4,chembl_ml_screen,16,c1c[nH]cn1,CN(C)/N=N/c1[nH]cnc1C(N)=O
SAFINAMIDE,-5.809,-0.2069494554190923,NonHit,Other,R4,chembl_ml_screen,16,c1ccc(COc2ccccc2)cc1,C[C@H](NCc1ccc(OCc2cccc(F)c2)cc1)C(N)=O
Salicylic_Acid,-5.803,-0.4264931107976778,NonHit,Salicylate,R1-R3,hand_picked,8,c1ccccc1,C1=CC=CC(=C1C(=O)O)O
Lisinopril,-5.799,-0.4255144123977796,NonHit,Other,R1-R3,hand_picked,8,O=C(CCCc1ccccc1)N1CCCC1,CC(C(=O)O)NC(CCC1=CC=CC=C1)C(=O)N2CCCC2C(=O)O
ISONIAZID,-5.798,-0.19906474620238163,NonHit,Other,R4,chembl_ml_screen,16,c1ccncc1,NNC(=O)c1ccncc1
Isoniazid,-5.796,-0.4247803885978559,NonHit,Other,R1-R3,hand_picked,8,c1ccncc1,C1=CC=NC=C1C(=O)NN
HEXESTROL,-5.792,-0.19476399572053932,NonHit,Other,R4,chembl_ml_screen,16,c1ccc(CCc2ccccc2)cc1,CC[C@H](c1ccc(O)cc1)[C@@H](CC)c1ccc(O)cc1
MEDIFOXAMINE,-5.78,-0.18616249475685537,NonHit,Other,R4,chembl_ml_screen,16,c1ccc(OCOc2ccccc2)cc1,CN(C)CC(Oc1ccccc1)Oc1ccccc1
LABETALOL,-5.778,-0.1847289112629075,NonHit,Other,R4,chembl_ml_screen,16,c1ccc(CCCNCCc2ccccc2)cc1,CC(CCc1ccccc1)NCC(O)c1ccc(O)c(C(N)=O)c1
METRONIDAZOLE,-5.775,-0.18257853602198698,NonHit,Other,R4,chembl_ml_screen,16,c1c[nH]cn1,Cc1ncc([N+](=O)[O-])n1CCO
TICRYNAFEN,-5.775,-0.18257853602198698,NonHit,Other,R4,chembl_ml_screen,16,O=C(c1ccccc1)c1cccs1,O=C(O)COc1ccc(C(=O)c2cccs2)c(Cl)c1Cl
Metronidazole,-5.767,-0.4176848251985933,NonHit,Other,R1-R3,hand_picked,8,c1c[nH]cn1,CC1=NC=C(N1CCO)[N+](=O)[O-]
BENORILATE,-5.763,-0.1739770350583024,NonHit,Other,R4,chembl_ml_screen,16,O=C(Oc1ccccc1)c1ccccc1,CC(=O)Nc1ccc(OC(=O)c2ccccc2OC(C)=O)cc1
PERFLUTREN,-5.757,-0.16967628457646008,NonHit,Other,R4,chembl_ml_screen,16,,FC(F)(F)C(F)(F)C(F)(F)F
Pimelic_Acid,-5.755,-0.4147487299988983,NonHit,Carboxylic_acid,R1-R3,hand_picked,8,,C(CCCC(=O)O)CC(=O)O
CYCLOPHOSPHAMIDE ANHYDROUS,-5.748,-0.16322515885369726,NonHit,Other,R4,chembl_ml_screen,16,O=[PH]1NCCCO1,O=P1(N(CCCl)CCCl)NCCCO1
DIFLUNISAL,-5.724,-0.1460221569263287,NonHit,Other,R4,chembl_ml_screen,16,c1ccc(-c2ccccc2)cc1,O=C(O)c1cc(-c2ccc(F)cc2F)ccc1O
TILBROQUINOL,-5.719,-0.1424381981914603,NonHit,Other,R4,chembl_ml_screen,16,c1ccc2ncccc2c1,Cc1cc(Br)c(O)c2ncccc12
FLUMEXADOL,-5.708,-0.13455348897474964,NonHit,Other,R4,chembl_ml_screen,16,c1ccc(C2CNCCO2)cc1,FC(F)(F)c1cccc(C2CNCCO2)c1
FENOTEROL,-5.707,-0.13383669722777572,NonHit,Other,R4,chembl_ml_screen,16,c1ccc(CCNCCc2ccccc2)cc1,CC(Cc1ccc(O)cc1)NCC(O)c1cc(O)cc(O)c1
MINOXIDIL,-5.704,-0.13168632198685457,NonHit,Other,R4,chembl_ml_screen,16,c1cc(N2CCCCC2)nc[nH+]1,Nc1cc(N2CCCCC2)nc(N)[n+]1[O-]
METOPROLOL,-5.7,-0.12881915499896013,NonHit,Other,R4,chembl_ml_screen,16,c1ccccc1,COCCc1ccc(OCC(O)CNC(C)C)cc1
TRIFLURIDINE,-5.685,-0.11806727879435437,NonHit,Other,R4,chembl_ml_screen,16,O=c1ccn([C@H]2CCCO2)c(=O)[nH]1,O=c1[nH]c(=O)n([C@H]2C[C@H](O)[C@@H](CO)O2)cc1C(F)(F)F
CYCLOPENTOLATE,-5.685,-0.11806727879435437,NonHit,Other,R4,chembl_ml_screen,16,c1ccc(CC2CCCC2)cc1,CN(C)CCOC(=O)C(c1ccccc1)C1(O)CCCC1
OXCARBAZEPINE,-5.682,-0.11591690355343386,NonHit,Other,R4,chembl_ml_screen,16,O=C1Cc2ccccc2Nc2ccccc21,NC(=O)N1c2ccccc2CC(=O)c2ccccc21
TRIPELENNAMINE,-5.676,-0.11161615307159155,NonHit,Other,R4,chembl_ml_screen,16,c1ccc(CNc2ccccn2)cc1,CN(C)CCN(Cc1ccccc1)c1ccccn1
CIMETIDINE,-5.676,-0.11161615307159155,NonHit,Other,R4,chembl_ml_screen,16,c1c[nH]cn1,CN/C(=N\CCSCc1nc[nH]c1C)NC#N
Benzoic_Acid,-5.665,-0.3927280160011868,NonHit,Carboxylic_acid,R1-R3,hand_picked,8,c1ccccc1,C1=CC=CC=C1C(=O)O
LUMIRACOXIB,-5.659,-0.09943069337303857,NonHit,NSAID,R4,chembl_ml_screen,16,c1ccc(Nc2ccccc2)cc1,Cc1ccc(Nc2c(F)cccc2Cl)c(CC(=O)O)c1
PYRIDOSTIGMINE,-5.657,-0.09799710987909135,NonHit,Other,R4,chembl_ml_screen,16,c1cc[nH+]cc1,CN(C)C(=O)Oc1ccc[n+](C)c1
DILEVALOL,-5.648,-0.0915459841563279,NonHit,Other,R4,chembl_ml_screen,16,c1ccc(CCCNCCc2ccccc2)cc1,C[C@H](CCc1ccccc1)NC[C@H](O)c1ccc(O)c(C(N)=O)c1
Valproic_Acid,-5.628,-0.3836750558021276,NonHit,Carboxylic_acid,R1-R3,hand_picked,8,,CCCC(CCC)C(=O)O
CLONIDINE,-5.611,-0.06502468951830144,NonHit,Other,R4,chembl_ml_screen,16,c1ccc(NC2=NCCN2)cc1,Clc1cccc(Cl)c1NC1=NCCN1
OZAGREL,-5.596,-0.054272813313696315,NonHit,Other,R4,chembl_ml_screen,16,c1ccc(Cn2ccnc2)cc1,O=C(O)/C=C/c1ccc(Cn2ccnc2)cc1
ZIDOVUDINE,-5.589,-0.049255271084880724,NonHit,Other,R4,chembl_ml_screen,16,O=c1ccn([C@H]2CCCO2)c(=O)[nH]1,Cc1cn([C@H]2C[C@H](N=[N+]=[N-])[C@@H](CO)O2)c(=O)[nH]c1=O
XANOMELINE,-5.587,-0.04782168759093287,NonHit,Other,R4,chembl_ml_screen,16,C1=C(c2cnsn2)CNCC1,CCCCCCOc1nsnc1C1=CCCN(C)C1
ACEFYLLINE,-5.574,-0.03850339488027497,NonHit,Other,R4,chembl_ml_screen,16,O=c1[nH]c(=O)c2[nH]cnc2[nH]1,Cn1c(=O)c2c(ncn2CC(=O)O)n(C)c1=O
PYRIDOXINE,-5.57,-0.03563622789238052,NonHit,Other,R4,chembl_ml_screen,16,c1ccncc1,Cc1ncc(CO)c(CO)c1O
LEVOBUNOLOL,-5.558,-0.02703472692869592,NonHit,Other,R4,chembl_ml_screen,16,O=C1CCCc2ccccc21,CC(C)(C)NC[C@H](O)COc1cccc2c1CCCC2=O
Adipic_Acid,-5.553,-0.3653244608040346,NonHit,Carboxylic_acid,R1-R3,hand_picked,8,,C(CCC(=O)O)CC(=O)O
ASCORBIC ACID,-5.549,-0.020583601205933104,NonHit,Carboxylic_acid,R4,chembl_ml_screen,16,O=C1C=CCO1,O=C1O[C@H]([C@@H](O)CO)C(O)=C1O
MEPTAZINOL,-5.546,-0.018433225965011953,NonHit,Other,R4,chembl_ml_screen,16,c1ccc(C2CCCCNC2)cc1,CCC1(c2cccc(O)c2)CCCCN(C)C1
MODAFINIL,-5.523,-0.0019470157846166764,NonHit,Other,R4,chembl_ml_screen,16,c1ccc(Cc2ccccc2)cc1,NC(=O)C[S+]([O-])C(c1ccccc1)c1ccccc1
Ascorbic_Acid,-5.523,-0.35798422280479736,NonHit,Carboxylic_acid,R1-R3,hand_picked,8,O=C1C=CCO1,C(C(C1C(=C(C(=O)O1)O)O)O)O
FLUTAMIDE,-5.504,0.011672027407883522,NonHit,Other,R4,chembl_ml_screen,16,c1ccccc1,CC(C)C(=O)Nc1ccc([N+](=O)[O-])c(C(F)(F)F)c1
PYRILAMINE,-5.481,0.02815823758827816,NonHit,Other,R4,chembl_ml_screen,16,c1ccc(CNc2ccccn2)cc1,COc1ccc(CN(CCN(C)C)c2ccccn2)cc1
Tiaprofenic_Acid,-5.48,-0.3474632150058909,NonHit,Profens,R1-R3,hand_picked,8,O=C(c1ccccc1)c1cccs1,CC(C1=CC=CC=C1C(=O)C2=CC=CS2)C(=O)O
TIAPROFENIC ACID,-5.48,0.028875029335251455,NonHit,Profens,R4,chembl_ml_screen,16,O=C(c1ccccc1)c1cccs1,CC(C(=O)O)c1ccc(C(=O)c2ccccc2)s1
RITODRINE,-5.475,0.032458988070120466,NonHit,Other,R4,chembl_ml_screen,16,c1ccc(CCNCCc2ccccc2)cc1,CC(NCCc1ccc(O)cc1)C(O)c1ccc(O)cc1
ISAXONINE,-5.475,0.032458988070120466,NonHit,Other,R4,chembl_ml_screen,16,c1cncnc1,CC(C)Nc1ncccn1
FLUOROURACIL,-5.465,0.03962690553985721,NonHit,Other,R4,chembl_ml_screen,16,O=c1cc[nH]c(=O)[nH]1,O=c1[nH]cc(F)c(=O)[nH]1
Pyridoxine,-5.459,-0.34232504840642464,NonHit,Other,R1-R3,hand_picked,8,c1ccncc1,CC1=NC=C(C(=C1O)CO)CO
MUZOLIMINE,-5.456,0.04607803126262003,NonHit,Other,R4,chembl_ml_screen,16,O=C1CC=NN1Cc1ccccc1,CC(c1ccc(Cl)c(Cl)c1)N1N=C(N)CC1=O
ARIMOCLOMOL,-5.446,0.053245948732357405,NonHit,Other,R4,chembl_ml_screen,16,C(=N\OCCCN1CCCCC1)/c1ccc[nH+]c1,[O-][n+]1cccc(/C(Cl)=N/OC[C@H](O)CN2CCCCC2)c1
VENLAFAXINE,-5.431,0.06399782493696253,NonHit,Other,R4,chembl_ml_screen,16,c1ccc(CC2CCCCC2)cc1,COc1ccc(C(CN(C)C)C2(O)CCCCC2)cc1
KETOPROFEN,-5.427,0.0668649919248576,NonHit,Profens,R4,chembl_ml_screen,16,O=C(c1ccccc1)c1ccccc1,CC(C(=O)O)c1cccc(C(=O)c2ccccc2)c1
DYPHYLLINE,-5.423,0.06973215891275204,NonHit,Other,R4,chembl_ml_screen,16,O=c1[nH]c(=O)c2[nH]cnc2[nH]1,Cn1c(=O)c2c(ncn2CC(O)CO)n(C)c1=O
DIPHENHYDRAMINE,-5.421,0.07116574240669928,NonHit,Other,R4,chembl_ml_screen,16,c1ccc(Cc2ccccc2)cc1,CN(C)CCOC(c1ccccc1)c1ccccc1
Ketoprofen,-5.411,-0.33058066760764515,NonHit,Profens,R1-R3,hand_picked,8,O=C(c1ccccc1)c1ccccc1,CC(C1=CC=CC(=C1)C(=O)C2=CC=CC=C2)C(=O)O
"GLYCEROL, IODINATED",-5.408,0.08048403511735716,NonHit,Other,R4,chembl_ml_screen,16,C1COCO1,CC(I)C1OCC(CO)O1
ARMODAFINIL,-5.406,0.08191761861130502,NonHit,Other,R4,chembl_ml_screen,16,c1ccc(Cc2ccccc2)cc1,NC(=O)C[S@@+]([O-])C(c1ccccc1)c1ccccc1
PIRACETAM,-5.398,0.08765195258709454,NonHit,Other,R4,chembl_ml_screen,16,O=C1CCCN1,NC(=O)CN1CCCC1=O
BENZNIDAZOLE,-5.392,0.09195270306893621,NonHit,Other,R4,chembl_ml_screen,16,O=C(Cn1ccnc1)NCc1ccccc1,O=C(Cn1ccnc1[N+](=O)[O-])NCc1ccccc1
Lipoic_Acid,-5.391,-0.3256871756081538,NonHit,Carboxylic_acid,R1-R3,hand_picked,8,C1CSSC1,C1CSSC1CCCCC(=O)O
Metformin,-5.387,-0.3247084772082554,NonHit,Other,R1-R3,hand_picked,8,,CN(C)C(=N)NC(=N)N
DEFERIPRONE,-5.378,0.10198778752656804,NonHit,Other,R4,chembl_ml_screen,16,O=c1cc[nH]cc1,Cc1c(O)c(=O)ccn1C
NAPROXEN,-5.378,0.10198778752656804,NonHit,Other,R4,chembl_ml_screen,16,c1ccc2ccccc2c1,COc1ccc2cc([C@H](C)C(=O)O)ccc2c1
NIACINAMIDE,-5.371,0.10700532975538363,NonHit,Other,R4,chembl_ml_screen,16,c1ccncc1,NC(=O)c1cccnc1
MITOTANE,-5.369,0.1084389132493315,NonHit,Other,R4,chembl_ml_screen,16,c1ccc(Cc2ccccc2)cc1,Clc1ccc(C(c2ccccc2Cl)C(Cl)Cl)cc1
ANTAZOLINE,-5.357,0.11704041421301546,NonHit,Other,R4,chembl_ml_screen,16,c1ccc(CN(CC2=NCCN2)c2ccccc2)cc1,c1ccc(CN(CC2=NCCN2)c2ccccc2)cc1
Naproxen,-5.357,-0.31736823920901835,NonHit,Other,R1-R3,hand_picked,8,c1ccc2ccccc2c1,CC(C1=CC2=C(C=C1)C=CC(=C2)OC)C(=O)O
ALLOPURINOL,-5.355,0.11847399770696268,NonHit,Other,R4,chembl_ml_screen,16,c1ncc2cn[nH]c2n1,Oc1ncnc2[nH]ncc12
Allopurinol,-5.354,-0.31663421540909464,NonHit,Other,R1-R3,hand_picked,8,O=c1[nH]c(=O)c2[nH]cnc2[nH]1,C1=NC2=C(N1)C(=O)NC(=O)N2
ALTRETAMINE,-5.35,0.12205795644183169,NonHit,Other,R4,chembl_ml_screen,16,c1ncncn1,CN(C)c1nc(N(C)C)nc(N(C)C)n1
TISOPURINE,-5.348,0.12349153993577891,NonHit,Other,R4,chembl_ml_screen,16,c1ncc2cn[nH]c2n1,Sc1ncnc2[nH]ncc12
Ciprofibrate,-5.346,-0.314676818609298,NonHit,Other,R1-R3,hand_picked,8,c1ccc(C2CC2)cc1,CC(C)(C(=O)O)OC1=CC=C(C=C1)C2CC2
Caffeine,-5.34,-0.31320877100945055,NonHit,Other,R1-R3,hand_picked,8,O=c1[nH]c(=O)c2[nH]cnc2[nH]1,CN1C=NC2=C1C(=O)N(C(=O)N2C)C
MILRINONE,-5.336,0.1320930408994629,NonHit,Other,R4,chembl_ml_screen,16,O=c1ccc(-c2ccncc2)c[nH]1,Cc1[nH]c(=O)c(C#N)cc1-c1ccncc1
CAFFEINE,-5.329,0.13711058312827912,NonHit,Other,R4,chembl_ml_screen,16,O=c1[nH]c(=O)c2[nH]cnc2[nH]1,Cn1c(=O)c2c(ncn2C)n(C)c1=O
METHAZOLAMIDE,-5.324,0.14069454186314748,NonHit,Other,R4,chembl_ml_screen,16,N=c1[nH]ncs1,CC(=O)/N=c1/sc(S(N)(=O)=O)nn1C
BETAXOLOL,-5.32,0.1435617088510419,NonHit,Other,R4,chembl_ml_screen,16,c1ccc(CCOCC2CC2)cc1,CC(C)NCC(O)COc1ccc(CCOCC2CC2)cc1
CIPROFIBRATE,-5.315,0.1471456675859103,NonHit,Other,R4,chembl_ml_screen,16,c1ccc(C2CC2)cc1,CC(C)(Oc1ccc(C2CC2(Cl)Cl)cc1)C(=O)O
LAMIVUDINE,-5.313,0.14857925107985814,NonHit,Other,R4,chembl_ml_screen,16,O=c1ncccn1[C@@H]1CSCO1,Nc1ccn([C@@H]2CS[C@H](CO)O2)c(=O)n1
Ibuprofen,-5.308,-0.3053791838102642,NonHit,Profens,R1-R3,hand_picked,8,c1ccccc1,CC(C)CC1=CC=C(C=C1)C(C)C(=O)O
Glutaric_Acid,-5.307,-0.3051345092102898,NonHit,Carboxylic_acid,R1-R3,hand_picked,8,,C(CC(=O)O)CC(=O)O
FLUCYTOSINE,-5.3,0.15789754379051604,NonHit,Other,R4,chembl_ml_screen,16,O=c1nccc[nH]1,Nc1nc(=O)[nH]cc1F
MIGALASTAT,-5.29,0.1650654612602528,NonHit,Other,R4,chembl_ml_screen,16,C1CCNCC1,OC[C@H]1NC[C@H](O)[C@@H](O)[C@H]1O
FLUCICLOVINE F18,-5.285,0.16864941999512117,NonHit,Other,R4,chembl_ml_screen,16,C1CCC1,N[C@]1(C(=O)O)C[C@@H]([18F])C1
FLUCICLOVINE,-5.283,0.17008300348906838,NonHit,Other,R4,chembl_ml_screen,16,C1CCC1,N[C@]1(C(=O)O)C[C@@H](F)C1
BROXYQUINOLINE,-5.282,0.17079979523604233,NonHit,Other,R4,chembl_ml_screen,16,c1ccc2ncccc2c1,Oc1c(Br)cc(Br)c2cccnc12
MERCAPTOPURINE ANHYDROUS,-5.252,0.1923035476452532,NonHit,Other,R4,chembl_ml_screen,16,c1ncc2[nH]cnc2n1,Sc1ncnc2nc[nH]c12
ISOSORBIDE,-5.239,0.20162184035591108,NonHit,Other,R4,chembl_ml_screen,16,C1C[C@H]2OCC[C@H]2O1,O[C@@H]1CO[C@H]2[C@@H]1OC[C@@H]2O
DESVENLAFAXINE,-5.237,0.2030554238498583,NonHit,Other,R4,chembl_ml_screen,16,c1ccc(CC2CCCCC2)cc1,CN(C)CC(c1ccc(O)cc1)C1(O)CCCCC1
CHLORMEZANONE,-5.227,0.21022334131959505,NonHit,Other,R4,chembl_ml_screen,16,O=C1CCS(=O)(=O)C(c2ccccc2)N1,CN1C(=O)CCS(=O)(=O)C1c1ccc(Cl)cc1
TERTATOLOL,-5.212,0.2209752175242008,NonHit,Other,R4,chembl_ml_screen,16,c1ccc2c(c1)CCCS2,CC(C)(C)NCC(O)COc1cccc2c1SCCC2
ESLICARBAZEPINE,-5.201,0.2288599267409115,NonHit,Other,R4,chembl_ml_screen,16,c1ccc2c(c1)CCc1ccccc1N2,NC(=O)N1c2ccccc2C[C@H](O)c2ccccc21
LORCASERIN,-5.201,0.2288599267409115,NonHit,Other,R4,chembl_ml_screen,16,c1ccc2c(c1)CCNCC2,C[C@H]1CNCCc2ccc(Cl)cc21
BETAHISTINE,-5.196,0.23244388547577985,NonHit,Other,R4,chembl_ml_screen,16,c1ccncc1,CNCCc1ccccn1
CARBIMAZOLE,-5.193,0.234594260716701,NonHit,Other,R4,chembl_ml_screen,16,S=c1[nH]cc[nH]1,CCOC(=O)n1ccn(C)c1=S
DYCLONINE,-5.184,0.24104538643946383,NonHit,Other,R4,chembl_ml_screen,16,O=C(CCN1CCCCC1)c1ccccc1,CCCCOc1ccc(C(=O)CCN2CCCCC2)cc1
NIACIN,-5.181,0.24319576168038498,NonHit,Other,R4,chembl_ml_screen,16,c1ccncc1,O=C(O)c1cccnc1
PIRPROFEN,-5.176,0.24677972041525334,NonHit,Profens,R4,chembl_ml_screen,16,C1=CCN(c2ccccc2)C1,CC(C(=O)O)c1ccc(N2CC=CC2)c(Cl)c1
Nicotinic_Acid,-5.174,-0.2725927874136716,NonHit,Carboxylic_acid,R1-R3,hand_picked,8,c1ccncc1,C1=CC=CN=C1C(=O)O
PHENINDIONE,-5.159,0.2589651801138063,NonHit,Other,R4,chembl_ml_screen,16,O=C1c2ccccc2C(=O)C1c1ccccc1,O=C1c2ccccc2C(=O)C1c1ccccc1
Enalaprilat,-5.116,-0.2584016606151462,NonHit,Other,R1-R3,hand_picked,8,c1ccc2c(c1)CCNC2,CC(C(=O)O)NC(C)C(=O)N1CC2=CC=CC=C2CC1C(=O)O
ARTICAINE,-5.109,0.2948047674624907,NonHit,Other,R4,chembl_ml_screen,16,c1ccsc1,CCCNC(C)C(=O)Nc1c(C)csc1C(=O)OC
Furosemide,-5.097,-0.25375284321562946,NonHit,Other,R1-R3,hand_picked,8,c1ccccc1,C1=CC(=C(C=C1C(=O)O)S(=O)(=O)N)Cl
FURAZOLIDONE,-5.091,0.30770701890801694,NonHit,Other,R4,chembl_ml_screen,16,O=C1OCCN1/N=C/c1ccco1,O=C1OCCN1/N=C/c1ccc([N+](=O)[O-])o1
MYCOPHENOLIC ACID,-5.087,0.310574185895912,NonHit,Carboxylic_acid,R4,chembl_ml_screen,16,O=C1OCc2ccccc21,COc1c(C)c2c(c(O)c1C/C=C(\C)CCC(=O)O)C(=O)OC2
BUFLOMEDIL,-5.087,0.310574185895912,NonHit,Other,R4,chembl_ml_screen,16,O=C(CCCN1CCCC1)c1ccccc1,COc1cc(OC)c(C(=O)CCCN2CCCC2)c(OC)c1
RANITIDINE,-5.074,0.31989247860656994,NonHit,Other,R4,chembl_ml_screen,16,c1ccoc1,CNC(=C[N+](=O)[O-])NCCSCc1ccc(CN(C)C)o1
CHLOPHEDIANOL,-5.061,0.3292107713172278,NonHit,Other,R4,chembl_ml_screen,16,c1ccc(Cc2ccccc2)cc1,CN(C)CCC(O)(c1ccccc1)c1ccccc1Cl
AMINOCAPROIC ACID,-5.059,0.33064435481117505,NonHit,Amino_acid,R4,chembl_ml_screen,16,,NCCCCCC(=O)O
PENTOXIFYLLINE,-5.056,0.3327947300520962,NonHit,Other,R4,chembl_ml_screen,16,O=c1[nH]c(=O)c2[nH]cnc2[nH]1,CC(=O)CCCCn1c(=O)c2c(ncn2C)n(C)c1=O
ALBENDAZOLE,-5.049,0.3378122722809118,NonHit,Other,R4,chembl_ml_screen,16,c1ccc2[nH]cnc2c1,CCCSc1ccc2[nH]c(NC(=O)OC)nc2c1
ERDOSTEINE,-5.044,0.3413962310157808,NonHit,Other,R4,chembl_ml_screen,16,O=C1CCCS1,O=C(O)CSCC(=O)NC1CCSC1=O
CLIOQUINOL,-5.032,0.34999773197946477,NonHit,Other,R4,chembl_ml_screen,16,c1ccc2ncccc2c1,Oc1c(I)cc(Cl)c2cccnc12
LEVOBETAXOLOL,-5.03,0.351431315473412,NonHit,Other,R4,chembl_ml_screen,16,c1ccc(CCOCC2CC2)cc1,CC(C)NC[C@H](O)COc1ccc(CCOCC2CC2)cc1
TOLMETIN,-5.03,0.351431315473412,NonHit,Other,R4,chembl_ml_screen,16,O=C(c1ccccc1)c1ccc[nH]1,Cc1ccc(C(=O)c2ccc(CC(=O)O)n2C)cc1
PITOLISANT,-5.028,0.35286489896735984,NonHit,Other,R4,chembl_ml_screen,16,c1ccc(CCCOCCCN2CCCCC2)cc1,Clc1ccc(CCCOCCCN2CCCCC2)cc1
NITROFURANTOIN,-5.019,0.35931602469012264,NonHit,Other,R4,chembl_ml_screen,16,O=C1CN(/N=C/c2ccco2)C(=O)N1,O=C1CN(/N=C/c2ccc([N+](=O)[O-])o2)C(=O)N1
ACETAZOLAMIDE,-5.002,0.37150148438867564,NonHit,Other,R4,chembl_ml_screen,16,c1nncs1,CC(=O)Nc1nnc(S(N)(=O)=O)s1
PYRAZINAMIDE,-5.002,0.37150148438867564,NonHit,Other,R4,chembl_ml_screen,16,c1cnccn1,NC(=O)c1cnccn1
FORMOTEROL,-4.997,0.375085443123544,NonHit,Other,R4,chembl_ml_screen,16,c1ccc(CCNCCc2ccccc2)cc1,COc1ccc(CC(C)NCC(O)c2ccc(O)c(NC=O)c2)cc1
Acetazolamide,-4.992,-0.22806201021829922,NonHit,Other,R1-R3,hand_picked,8,c1nncs1,CC(=O)NC1=NN=C(S1)S(=O)(=O)N
NEFOPAM,-4.975,0.39085486155696536,NonHit,Other,R4,chembl_ml_screen,16,c1ccc(C2OCCNCc3ccccc32)cc1,CN1CCOC(c2ccccc2)c2ccccc2C1
METHENAMINE,-4.971,0.3937220285448598,NonHit,Other,R4,chembl_ml_screen,16,C1N2CN3CN1CN(C2)C3,C1N2CN3CN1CN(C2)C3
Gabapentin_enacarbil,-4.965,-0.2214557960189857,NonHit,Other,R1-R3,hand_picked,8,C1CCCCC1,CC(C)(C(=O)O)OC(=O)NCC1(CCCCC1)CC(=O)O
METHADONE,-4.958,0.4030403212555177,NonHit,Other,R4,chembl_ml_screen,16,c1ccc(Cc2ccccc2)cc1,CCC(=O)C(CC(C)N(C)C)(c1ccccc1)c1ccccc1
ORPHENADRINE,-4.956,0.40447390474946493,NonHit,Other,R4,chembl_ml_screen,16,c1ccc(Cc2ccccc2)cc1,Cc1ccccc1C(OCCN(C)C)c1ccccc1
DOXYLAMINE,-4.916,0.4331455746284125,NonHit,Other,R4,chembl_ml_screen,16,c1ccc(Cc2ccccn2)cc1,CN(C)CCOC(C)(c1ccccc1)c1ccccn1
PRAMOXINE,-4.915,0.43386236637538644,NonHit,Other,R4,chembl_ml_screen,16,c1ccc(OCCCN2CCOCC2)cc1,CCCCOc1ccc(OCCCN2CCOCC2)cc1
METHAPYRILENE,-4.908,0.43887990860420206,NonHit,Other,R4,chembl_ml_screen,16,c1ccc(NCc2cccs2)nc1,CN(C)CCN(Cc1cccs1)c1ccccn1
BRIMONIDINE,-4.908,0.43887990860420206,NonHit,Other,R4,chembl_ml_screen,16,c1cnc2cc(NC3=NCCN3)ccc2n1,Brc1c(NC2=NCCN2)ccc2nccnc12
FEXINIDAZOLE,-4.897,0.44676461782091276,NonHit,Other,R4,chembl_ml_screen,16,c1ccc(OCc2ncc[nH]2)cc1,CSc1ccc(OCc2ncc([N+](=O)[O-])n2C)cc1
EMTRICITABINE,-4.856,0.47615307944683427,NonHit,Other,R4,chembl_ml_screen,16,O=c1ncccn1[C@@H]1CSCO1,Nc1nc(=O)n([C@@H]2CS[C@H](CO)O2)cc1F
ANISINDIONE,-4.841,0.4869049556514394,NonHit,Other,R4,chembl_ml_screen,16,O=C1c2ccccc2C(=O)C1c1ccccc1,COc1ccc(C2C(=O)c3ccccc3C2=O)cc1
GUANETHIDINE,-4.839,0.4883385391453866,NonHit,Other,R4,chembl_ml_screen,16,C1CCCNCCC1,N=C(N)NCCN1CCCCCCC1
SOTALOL,-4.838,0.48905533089236053,NonHit,Other,R4,chembl_ml_screen,16,c1ccccc1,CC(C)NCC(O)c1ccc(NS(C)(=O)=O)cc1
CLOMETHIAZOLE,-4.806,0.5119926667955187,NonHit,Other,R4,chembl_ml_screen,16,c1cscn1,Cc1ncsc1CCCl
FLUINDIONE,-4.78,0.5306292522168344,NonHit,Other,R4,chembl_ml_screen,16,O=C1c2ccccc2C(=O)C1c1ccccc1,O=C1c2ccccc2C(=O)C1c1ccc(F)cc1
BROMFENAC,-4.779,0.5313460439638084,NonHit,Other,R4,chembl_ml_screen,16,O=C(c1ccccc1)c1ccccc1,Nc1c(CC(=O)O)cccc1C(=O)c1ccc(Br)cc1
SUMATRIPTAN,-4.765,0.5413811284214401,NonHit,Other,R4,chembl_ml_screen,16,c1ccc2[nH]ccc2c1,CNS(=O)(=O)Cc1ccc2[nH]cc(CCN(C)C)c2c1
ENOXIMONE,-4.739,0.560017713842756,NonHit,Other,R4,chembl_ml_screen,16,O=C(c1ccccc1)c1c[nH]c(=O)[nH]1,CSc1ccc(C(=O)c2[nH]c(=O)[nH]c2C)cc1
Succinic_Acid,-4.726,-0.16297856662506283,NonHit,Carboxylic_acid,R1-R3,hand_picked,8,,C(CC(=O)O)C(=O)O
NIALAMIDE,-4.722,0.5722031735413083,NonHit,Other,R4,chembl_ml_screen,16,O=C(CCNNC(=O)c1ccncc1)NCc1ccccc1,O=C(CCNNC(=O)c1ccncc1)NCc1ccccc1
APRACLONIDINE,-4.71,0.580804674504993,NonHit,Other,R4,chembl_ml_screen,16,c1ccc(N=C2NCCN2)cc1,Nc1cc(Cl)c(N=C2NCCN2)c(Cl)c1
PYRITHIONE,-4.706,0.5836718414928874,NonHit,Other,R4,chembl_ml_screen,16,c1cc[nH+]cc1,[O-][n+]1ccccc1S
ARFORMOTEROL,-4.702,0.5865390084807824,NonHit,Other,R4,chembl_ml_screen,16,c1ccc(CCNCCc2ccccc2)cc1,COc1ccc(C[C@@H](C)NC[C@H](O)c2ccc(O)c(NC=O)c2)cc1
PIPOBROMAN,-4.68,0.6023084269142038,NonHit,Other,R4,chembl_ml_screen,16,C1CNCCN1,O=C(CCBr)N1CCN(C(=O)CCBr)CC1
NATEGLINIDE,-4.661,0.615927470106704,NonHit,Other,R4,chembl_ml_screen,16,O=C(NCCc1ccccc1)C1CCCCC1,CC(C)[C@H]1CC[C@H](C(=O)N[C@H](Cc2ccccc2)C(=O)O)CC1
FENCLOZIC ACID,-4.645,0.6273961380582831,NonHit,Carboxylic_acid,R4,chembl_ml_screen,16,c1ccc(-c2nccs2)cc1,O=C(O)Cc1csc(-c2ccc(Cl)cc2)n1
FOSFOMYCIN,-4.631,0.6374312225159142,NonHit,Other,R4,chembl_ml_screen,16,C1CO1,C[C@@H]1O[C@@H]1P(=O)(O)O
FLURBIPROFEN,-4.621,0.644599139985651,NonHit,Profens,R4,chembl_ml_screen,16,c1ccc(-c2ccccc2)cc1,CC(C(=O)O)c1ccc(-c2ccccc2)c(F)c1
Flurbiprofen,-4.591,-0.12994749562849556,NonHit,Profens,R1-R3,hand_picked,8,c1ccc(-c2ccccc2)cc1,CC1=CC(=CC=C1)C2=CC=C(C=C2)C(C)C(=O)O
FLOSEQUINAN,-4.561,0.6876066448040727,NonHit,Other,R4,chembl_ml_screen,16,O=c1cc[nH]c2ccccc12,Cn1cc([S+](C)[O-])c(=O)c2ccc(F)cc21
LOXOPROFEN,-4.555,0.691907395285915,NonHit,Profens,R4,chembl_ml_screen,16,O=C1CCCC1Cc1ccccc1,CC(C(=O)O)c1ccc(CC2CCCC2=O)cc1
NIZATIDINE,-4.548,0.6969249375147306,NonHit,Other,R4,chembl_ml_screen,16,c1cscn1,CNC(=C[N+](=O)[O-])NCCSCc1csc(CN(C)C)n1
XANTHINOL,-4.546,0.6983585210086778,NonHit,Other,R4,chembl_ml_screen,16,O=c1[nH]c(=O)c2[nH]cnc2[nH]1,CN(CCO)CC(O)Cn1cnc2c1c(=O)n(C)c(=O)n2C
METAMIZOLE,-4.492,0.7370652753452572,NonHit,Other,R4,chembl_ml_screen,16,O=c1cc[nH]n1-c1ccccc1,Cc1c(N(C)CS(=O)(=O)O)c(=O)n(-c2ccccc2)n1C
TIZANIDINE,-4.471,0.7521179020317047,NonHit,Other,R4,chembl_ml_screen,16,c1cc(NC2=NCCN2)c2nsnc2c1,Clc1ccc2nsnc2c1NC1=NCCN1
TRICLOSAN,-4.47,0.7528346937786786,NonHit,Other,R4,chembl_ml_screen,16,c1ccc(Oc2ccccc2)cc1,Oc1cc(Cl)ccc1Oc1ccc(Cl)cc1Cl
CYCLIZINE,-4.445,0.7707544874530204,NonHit,Other,R4,chembl_ml_screen,16,c1ccc(C(c2ccccc2)N2CCNCC2)cc1,CN1CCN(C(c2ccccc2)c2ccccc2)CC1
PHENAZOPYRIDINE,-4.445,0.7707544874530204,NonHit,Other,R4,chembl_ml_screen,16,c1ccc(/N=N/c2cccnc2)cc1,Nc1ccc(/N=N/c2ccccc2)c(N)n1
DEXCHLORPHENIRAMINE,-4.438,0.7757720296818367,NonHit,Other,R4,chembl_ml_screen,16,c1ccc(Cc2ccccn2)cc1,CN(C)CC[C@@H](c1ccc(Cl)cc1)c1ccccn1
PENTOLINIUM,-4.399,0.8037269078138104,NonHit,Other,R4,chembl_ml_screen,16,C(CC[NH+]1CCCC1)CC[NH+]1CCCC1,C[N+]1(CCCCC[N+]2(C)CCCC2)CCCC1
DANTHRON,-4.389,0.8108948252835472,NonHit,Other,R4,chembl_ml_screen,16,O=C1c2ccccc2C(=O)c2ccccc21,O=C1c2cccc(O)c2C(=O)c2c(O)cccc21
TRIMETAZIDINE,-4.378,0.8187795345002579,NonHit,Other,R4,chembl_ml_screen,16,c1ccc(CN2CCNCC2)cc1,COc1ccc(CN2CCNCC2)c(OC)c1OC
NIFURTIMOX,-4.372,0.8230802849821002,NonHit,Other,R4,chembl_ml_screen,16,O=S1(=O)CCN(/N=C/c2ccco2)CC1,CC1CS(=O)(=O)CCN1/N=C/c1ccc([N+](=O)[O-])o1
NORTRIPTYLINE,-4.351,0.8381329116685475,NonHit,Other,R4,chembl_ml_screen,16,C=C1c2ccccc2CCc2ccccc21,CNCCC=C1c2ccccc2CCc2ccccc21
TAUROLIDINE,-4.35,0.8388497034155215,NonHit,Other,R4,chembl_ml_screen,16,O=S1(=O)CCN(CN2CCS(=O)(=O)NC2)CN1,O=S1(=O)CCN(CN2CCS(=O)(=O)NC2)CN1
ESFLURBIPROFEN,-4.336,0.8488847878731527,NonHit,Profens,R4,chembl_ml_screen,16,c1ccc(-c2ccccc2)cc1,C[C@H](C(=O)O)c1ccc(-c2ccccc2)c(F)c1
HALOTHANE,-4.32,0.8603534558247318,NonHit,Other,R4,chembl_ml_screen,16,,FC(F)(F)C(Cl)Br
EMEPRONIUM,-4.303,0.8725389155232847,NonHit,Other,R4,chembl_ml_screen,16,c1ccc(Cc2ccccc2)cc1,CC[N+](C)(C)C(C)CC(c1ccccc1)c1ccccc1
ZOMEPIRAC,-4.281,0.888308333956706,NonHit,Other,R4,chembl_ml_screen,16,O=C(c1ccccc1)c1ccc[nH]1,Cc1cc(CC(=O)O)n(C)c1C(=O)c1ccc(Cl)cc1
Phenylbutazone,-4.274,-0.05238564743655591,NonHit,Other,R1-R3,hand_picked,8,O=C1CC(=O)N(c2ccccc2)N1c1ccccc1,CCCCC1C(=O)N(N(C1=O)C2=CC=CC=C2)C3=CC=CC=C3
Sertraline,-4.248,-0.04602410783721706,NonHit,Other,R1-R3,hand_picked,8,c1ccc(C2CCCc3ccccc32)cc1,CNC(C1CCC(C2=CC=CC=C12)C3=CC(=C(C=C3)Cl)Cl)C
CHLORPHENIRAMINE,-4.219,0.9327494222690744,NonHit,Other,R4,chembl_ml_screen,16,c1ccc(Cc2ccccn2)cc1,CN(C)CCC(c1ccc(Cl)cc1)c1ccccn1
TRIDIHEXETHYL,-4.2,0.9463684654615746,NonHit,Other,R4,chembl_ml_screen,16,c1ccc(CC2CCCCC2)cc1,CC[N+](CC)(CC)CCC(O)(c1ccccc1)C1CCCCC1
DEXBROMPHENIRAMINE,-4.186,0.9564035499192064,NonHit,Other,R4,chembl_ml_screen,16,c1ccc(Cc2ccccn2)cc1,CN(C)CC[C@@H](c1ccc(Br)cc1)c1ccccn1
AMINOPYRINE,-4.171,0.9671554261238116,NonHit,Other,R4,chembl_ml_screen,16,O=c1cc[nH]n1-c1ccccc1,Cc1c(N(C)C)c(=O)n(-c2ccccc2)n1C
LEVAMISOLE,-4.157,0.9771905105814434,NonHit,Other,R4,chembl_ml_screen,16,c1ccc([C@H]2CN3CCSC3=N2)cc1,c1ccc([C@H]2CN3CCSC3=N2)cc1
DIETHYLCARBAMAZINE,-4.124,1.0008446382315754,NonHit,Other,R4,chembl_ml_screen,16,C1CNCCN1,CCN(CC)C(=O)N1CCN(C)CC1
DIFEMERINE,-4.108,1.0123133061831544,NonHit,Other,R4,chembl_ml_screen,16,c1ccc(Cc2ccccc2)cc1,CN(C)CC(C)(C)OC(=O)C(O)(c1ccccc1)c1ccccc1
CARBINOXAMINE,-4.096,1.0209148071468384,NonHit,Other,R4,chembl_ml_screen,16,c1ccc(Cc2ccccn2)cc1,CN(C)CCOC(c1ccc(Cl)cc1)c1ccccn1
Thiamine,-4.02,0.009761700956985711,NonHit,Other,R1-R3,hand_picked,8,c1ncc(C[n+]2ccsc2)cn1,CC1=C(SC=[N+]1CC2=CN=C(N=C2N)C)CCO
2-MERCAPTOETHANESULFONIC ACID,-4.001,1.0890100231093387,NonHit,Carboxylic_acid,R4,chembl_ml_screen,16,,O=S(=O)(O)CCS
CYSTEINE,-3.99,1.0968947323260494,NonHit,Other,R4,chembl_ml_screen,16,,N[C@@H](CS)C(=O)O
MAVACAMTEN,-3.942,1.1313007361807865,NonHit,Other,R4,chembl_ml_screen,16,O=c1cc(NCc2ccccc2)[nH]c(=O)[nH]1,CC(C)n1c(=O)cc(N[C@@H](C)c2ccccc2)[nH]c1=O
DAPSONE,-3.906,1.1571052390718395,NonHit,Other,R4,chembl_ml_screen,16,O=S(=O)(c1ccccc1)c1ccccc1,Nc1ccc(S(=O)(=O)c2ccc(N)cc2)cc1
OXYMETAZOLINE,-3.901,1.160689197806708,NonHit,Other,R4,chembl_ml_screen,16,c1ccc(CC2=NCCN2)cc1,Cc1cc(C(C)(C)C)c(O)c(C)c1CC1=NCCN1
ABAMETAPIR,-3.875,1.179325783228024,NonHit,Other,R4,chembl_ml_screen,16,c1ccc(-c2ccccn2)nc1,Cc1ccc(-c2ccc(C)cn2)nc1
APOMORPHINE,-3.873,1.1807593667219711,NonHit,Other,R4,chembl_ml_screen,16,c1ccc2c(c1)C[C@H]1NCCc3cccc-2c31,CN1CCc2cccc3c2[C@H]1Cc1ccc(O)c(O)c1-3
PROPYPHENAZONE,-3.848,1.1986791603963136,NonHit,Other,R4,chembl_ml_screen,16,O=c1cc[nH]n1-c1ccccc1,Cc1c(C(C)C)c(=O)n(-c2ccccc2)n1C
XYLOMETAZOLINE,-3.815,1.2223332880464453,NonHit,Other,R4,chembl_ml_screen,16,c1ccc(CC2=NCCN2)cc1,Cc1cc(C(C)(C)C)cc(C)c1CC1=NCCN1
MAZINDOL,-3.767,1.2567392919011824,NonHit,Other,R4,chembl_ml_screen,16,c1ccc(C2c3ccccc3C3=NCCN32)cc1,OC1(c2ccc(Cl)cc2)c2ccccc2C2=NCCN21
TOLRESTAT,-3.697,1.3069147141893407,NonHit,Other,R4,chembl_ml_screen,16,c1ccc2ccccc2c1,COc1ccc2c(C(=S)N(C)CC(=O)O)cccc2c1C(F)(F)F
BITHIONOL,-3.691,1.3112154646711829,NonHit,Other,R4,chembl_ml_screen,16,c1ccc(Sc2ccccc2)cc1,Oc1c(Cl)cc(Cl)cc1Sc1cc(Cl)cc(Cl)c1O
TOLAZAMIDE,-3.499,1.4488394800901312,NonHit,Other,R4,chembl_ml_screen,16,O=C(NN1CCCCCC1)NS(=O)(=O)c1ccccc1,Cc1ccc(S(=O)(=O)NC(=O)NN2CCCCCC2)cc1
PYRANTEL,-3.467,1.4717768159932894,NonHit,Other,R4,chembl_ml_screen,16,C(=C\c1cccs1)/C1=NCCCN1,CN1CCCN=C1/C=C/c1cccs1
OXAMNIQUINE,-3.463,1.474643982981184,NonHit,Other,R4,chembl_ml_screen,16,c1ccc2c(c1)CCCN2,CC(C)NCC1CCc2cc(CO)c([N+](=O)[O-])cc2N1
DIAMTHAZOLE,-3.394,1.5241026135223685,NonHit,Other,R4,chembl_ml_screen,16,c1ccc2scnc2c1,CCN(CC)CCOc1ccc2nc(N(C)C)sc2c1
EXIFONE,-3.354,1.5527742834013163,NonHit,Other,R4,chembl_ml_screen,16,O=C(c1ccccc1)c1ccccc1,O=C(c1cc(O)c(O)c(O)c1)c1ccc(O)c(O)c1O
Omeprazole,-3.187,0.21357564273580484,NonHit,Other,R1-R3,hand_picked,8,c1ccc(CSc2ccccn2)nc1,CC1=CN=C(C(=C1OC)C)CSC2=NC=C(C(=C2C)OC)C
METABROMSALAN,-3.078,1.7506088055660547,NonHit,Other,R4,chembl_ml_screen,16,O=C(Nc1ccccc1)c1ccccc1,O=C(Nc1ccccc1)c1cc(Br)cc(Br)c1O
LEVOBUPIVACAINE,-3.047,1.772829349722239,NonHit,Other,R4,chembl_ml_screen,16,O=C(Nc1ccccc1)[C@@H]1CCCCN1,CCCCN1CCCC[C@H]1C(=O)Nc1c(C)cccc1C
BUPIVACAINE,-2.952,1.8409245656847395,NonHit,Other,R4,chembl_ml_screen,16,O=C(Nc1ccccc1)C1CCCCN1,CCCCN1CCCCC1C(=O)Nc1c(C)cccc1C
ZIMELDINE,-2.951,1.8416413574317132,NonHit,Other,R4,chembl_ml_screen,16,C=C(c1ccccc1)c1cccnc1,CN(C)C/C=C(/c1ccc(Br)cc1)c1cccnc1
FENOLDOPAM,-2.932,1.8552604006242135,NonHit,Amino_acid,R4,chembl_ml_screen,16,c1ccc(C2CNCCc3ccccc32)cc1,Oc1ccc(C2CNCCc3c2cc(O)c(O)c3Cl)cc1
BROMPHENIRAMINE,-2.884,1.8896664044789506,NonHit,Other,R4,chembl_ml_screen,16,c1ccc(Cc2ccccn2)cc1,CN(C)CCC(c1ccc(Br)cc1)c1ccccn1
Piroxicam,-2.789,0.3109561335256848,NonHit,Other,R1-R3,hand_picked,8,O=C(Nc1ccccn1)C1=Cc2ccccc2S(=O)(=O)N1,CN1C(=C(C2=CC=CC=C2S1(=O)=O)O)C(=O)NC3=CC=CC=N3
SULFUR,-2.692,2.027290419897899,NonHit,Other,R4,chembl_ml_screen,16,S1SSSSSSS1,S1SSSSSSS1
CANNABIDIOL,-2.639,2.065280382487505,NonHit,Other,R4,chembl_ml_screen,16,C1=C[C@@H](c2ccccc2)CCC1,C=C(C)[C@@H]1CCC(C)=C[C@H]1c1c(O)cc(CCCCC)cc1O
Warfarin,-2.575,0.36331649792024334,NonHit,Other,R1-R3,hand_picked,8,O=c1oc2ccccc2cc1Cc1ccccc1,CC(=O)CC(C1=CC=CC=C1)C2=C(C3=CC=CC=C3OC2=O)O
MEPIVACAINE,-2.572,2.1133054295347415,NonHit,Other,R4,chembl_ml_screen,16,O=C(Nc1ccccc1)C1CCCCN1,Cc1cccc(C)c1NC(=O)C1CCCCN1C
ROPIVACAINE,-2.459,2.1943028969427685,NonHit,Other,R4,chembl_ml_screen,16,O=C(Nc1ccccc1)[C@@H]1CCCCN1,CCCN1CCCC[C@H]1C(=O)Nc1c(C)cccc1C
ANASTROZOLE,-2.091,2.4580822598290863,NonHit,Other,R4,chembl_ml_screen,16,c1ccc(Cn2cncn2)cc1,CC(C)(C#N)c1cc(Cn2cncn2)cc(C(C)(C)C#N)c1
TERBINAFINE,-1.863,2.6215107781390876,NonHit,Other,R4,chembl_ml_screen,16,c1ccc2ccccc2c1,CN(C/C=C/C#CC(C)(C)C)Cc1cccc2ccccc12
TAPINAROF,-1.511,2.8738214730738263,NonHit,Other,R4,chembl_ml_screen,16,C(=C\c1ccccc1)/c1ccccc1,CC(C)c1c(O)cc(/C=C/c2ccccc2)cc1O
Bezafibrate,-1.266,0.6835955492869593,NonHit,Other,R1-R3,hand_picked,8,O=C(NCCc1ccccc1)c1ccccc1,CC(C)(C(=O)O)OC1=CC=C(C=C1)CCNC(=O)C2=CC=C(C=C2)Cl
Indomethacin,-1.12,0.7193180408832469,NonHit,Other,R1-R3,hand_picked,8,O=C(c1ccccc1)n1ccc2ccccc21,CC1=C(C2=C(N1C(=O)C3=CC=C(C=C3)Cl)C=C(C=C2)OC)CC(=O)O
VADADUSTAT,-0.944,3.280242393607909,NonHit,Other,R4,chembl_ml_screen,16,c1ccc(-c2cccnc2)cc1,O=C(O)CNC(=O)c1ncc(-c2cccc(Cl)c2)cc1O
NORFLOXACIN,-0.353,3.7038663160693597,NonHit,Other,R4,chembl_ml_screen,16,O=c1cc[nH]c2cc(N3CCNCC3)ccc12,CCn1cc(C(=O)O)c(=O)c2cc(F)c(N3CCNCC3)cc21
LIOTHYRONINE,-0.148,3.850808624198966,NonHit,Other,R4,chembl_ml_screen,16,c1ccc(Oc2ccccc2)cc1,N[C@@H](Cc1cc(I)c(Oc2ccc(O)c(I)c2)c(I)c1)C(=O)O
OLSALAZINE,-0.085,3.895966504258308,NonHit,Other,R4,chembl_ml_screen,16,c1ccc(/N=N/c2ccccc2)cc1,O=C(O)c1cc(/N=N/c2ccc(O)c(C(=O)O)c2)ccc1O
Riboflavin,-0.01013,0.9908750391570261,NonHit,Other,R1-R3,hand_picked,8,O=C1N=C(N2CCCC2)C(=Nc2ccccc2)C(=O)N1,CC1=C(C=C(C(=C1)C)N=C2C(=O)NC(=O)N=C2N3CC(C(C3O)O)O)O
"3,3',4',5-TETRACHLOROSALICYLANILIDE",0.0,3.956893802751072,NonHit,Other,R4,chembl_ml_screen,16,O=C(Nc1ccccc1)c1ccccc1,O=C(Nc1ccc(Cl)c(Cl)c1)c1cc(Cl)cc(Cl)c1O
EPALRESTAT,0.0,3.956893802751072,NonHit,Other,R4,chembl_ml_screen,16,O=C1NC(=S)S/C1=C\C=C\c1ccccc1,CC(/C=C1\SC(=S)N(CC(=O)O)C1=O)=C\c1ccccc1
HYDROXYSTILBAMIDINE,0.0,3.956893802751072,NonHit,Other,R4,chembl_ml_screen,16,C(=C\c1ccccc1)/c1ccccc1,N=C(N)c1ccc(/C=C/c2ccc(C(=N)N)cc2O)cc1
TEGASEROD,0.0,3.956893802751072,NonHit,Other,R4,chembl_ml_screen,16,c1ccc2[nH]ccc2c1,CCCCCNC(=N)N/N=C/c1c[nH]c2ccc(OC)cc12
Meloxicam,0.05911,1.0078163084592657,NonHit,Other,R1-R3,hand_picked,8,O=C(NC1=C(c2nccs2)O1)N1C=CC=CS1(=O)=O,CC1=CC=CS(=O)(=O)N1C(=O)NC2=C(C3=NC=C(S3)C)O2
Montelukast,0.6323,1.148061342418691,NonHit,Other,R1-R3,hand_picked,8,c1ccc(CC[C@@H](SCC2CC2)c2ccccc2)cc1,CC(C)(C1=CC=CC=C1CC[C@H](C2=CC=CC(=C2)CC=C(C)C)SCC3(CC3)CC(=O)O)O
Sulindac,0.6643,1.1558909296178772,NonHit,Other,R1-R3,hand_picked,8,c1ccc(-c2cccc3ccccc23)cc1,CC1=C(C2=C(C=CC(=C2)F)C(=C1)CC(=O)O)C3=CC=C(C=C3)S(=O)C
Ursodeoxycholic_Acid,0.9351,1.2221488112909917,NonHit,Carboxylic_acid,R1-R3,hand_picked,8,C1CCC2C(C1)CCC1C3CCCC3CCC21,CC(CCC(=O)O)C1CCC2C1(CCC3C2C(CC4C3(CCC(C4)O)C)O)C
Simvastatin,1.155,1.2759527558254002,NonHit,Statin,R1-R3,hand_picked,8,O=C1CCCC(CCC2CC=CC3=CCCCC32)O1,CCC(C)(C)C(=O)OC1CC(C=C2C1C(C(C=C2)C)CCC3CC(O)(CC(=O)O3)C)C
Pravastatin,1.174,1.280601573224917,NonHit,Statin,R1-R3,hand_picked,8,O=C1CCCC(CCC2CC=CC3=CCCCC32)O1,CCC(C)(C)C(=O)OC1CC(C=C2C1C(C(C=C2)C)CCC3CC(O)(CC(=O)O3)C)C
Folic_Acid,3.064,1.7430365671768597,NonHit,Carboxylic_acid,R1-R3,hand_picked,8,O=c1nc[nH]c2ncc(CNc3ccccc3)nc12,C1=CC(=CC=C1C(=O)NC(CCC(=O)O)C(=O)O)NCC2=CN=C3C(=N2)C(=O)N=C(N3)N
Celecoxib,4.869,2.184674220130964,NonHit,NSAID,R1-R3,hand_picked,8,c1ccc(-c2ccnn2-c2ccccc2)cc1,CC1=CC=C(C=C1)C2=CC(=NN2C3=CC=C(C=C3)S(=O)(=O)N)C(F)(F)F
Retinoic_Acid,6.011,2.464092613301926,NonHit,Carboxylic_acid,R1-R3,hand_picked,8,C1=CCCCC1,CC1=C(C(CCC1)(C)C)C=CC(=CC=CC(=CC(=O)O)C)C
Methotrexate,6.317,2.5389630408941453,NonHit,Other,R1-R3,hand_picked,8,c1ccc(NCc2cnc3ncncc3n2)cc1,CN(CC1=CN=C2C(=N1)C(=NC(=N2)N)N)C3=CC=C(C=C3)C(=O)NC(CCC(=O)O)C(=O)O
Cholic_Acid,6.5,2.583738492689492,NonHit,Carboxylic_acid,R1-R3,hand_picked,8,C1CCC2C(C1)CCC1C3CCCC3CCC21,CC(CCC(=O)O)C1CCC2C1(C(CC3C2C(CC4C3(CCC(C4)O)C)O)O)C
Deoxycholic_Acid,7.329,2.786573736068413,NonHit,Carboxylic_acid,R1-R3,hand_picked,8,C1CCC2C(C1)CCC1C3CCCC3CCC21,CC(CCC(=O)O)C1CCC2C1(C(CC3C2CC(C4C3(CCC(C4)O)C)O)O)C
Zafirlukast,15.54,4.795596876459631,NonHit,Other,R1-R3,hand_picked,8,O=C(NS(=O)(=O)c1ccccc1)c1ccc(-c2ccccc2)cc1,CC1=CC(=C(C=C1)C2=CC=C(C=C2)C(=O)NS(=O)(=O)C3=CC=CC=C3C(=O)O)N
