chembl_id,name,smiles,mw,alogp,ro5_violations,first_approval
CHEMBL2,PRAZOSIN,COc1cc2nc(N3CCN(C(=O)c4ccco4)CC3)nc(N)c2cc1OC,383.41,1.78,0,1976
CHEMBL3,NICOTINE,CN1CCC[C@H]1c1cccnc1,162.24,1.85,0,1984
CHEMBL4,OFLOXACIN,CC1COc2c(N3CCN(C)CC3)c(F)cc3c(=O)c(C(=O)O)cn1c23,361.37,1.54,0,1990
CHEMBL5,NALIDIXIC ACID,CCn1cc(C(=O)O)c(=O)c2ccc(C)nc21,232.24,1.42,0,1964
CHEMBL6,INDOMETHACIN,COc1ccc2c(c1)c(CC(=O)O)c(C)n2C(=O)c1ccc(Cl)cc1,357.79,3.93,0,1965
CHEMBL403,SULBACTAM,CC1(C)[C@H](C(=O)O)N2C(=O)C[C@H]2S1(=O)=O,233.24,-0.79,0,1986
CHEMBL404,TAZOBACTAM,C[C@]1(Cn2ccnn2)[C@H](C(=O)O)N2C(=O)C[C@H]2S1(=O)=O,300.30,-1.52,0,1993
CHEMBL8,CIPROFLOXACIN,O=C(O)c1cn(C2CC2)c2cc(N3CCNCC3)c(F)cc2c1=O,331.35,1.58,0,1987
CHEMBL9,NORFLOXACIN,CCn1cc(C(=O)O)c(=O)c2cc(F)c(N3CCNCC3)cc21,319.34,1.27,0,1986
CHEMBL405,AMPHETAMINE,CC(N)Cc1ccccc1,135.21,1.58,0,1955
CHEMBL6622,ISOSORBIDE DINITRATE,O=[N+]([O-])O[C@H]1CO[C@H]2[C@@H]1OC[C@H]2O[N+](=O)[O-],236.14,-1.06,0,1986
CHEMBL6437,MIANSERIN,CN1CCN2c3ccccc3Cc3ccccc3C2C1,264.37,3.08,0,None
CHEMBL11,IMIPRAMINE,CN(C)CCCN1c2ccccc2CCc2ccccc21,280.42,3.88,0,1959
CHEMBL406,INDAPAMIDE,CC1Cc2ccccc2N1NC(=O)c1ccc(Cl)c(S(N)(=O)=O)c1,365.84,2.08,0,1983
CHEMBL407,FLUMAZENIL,CCOC(=O)c1ncn2c1CN(C)C(=O)c1cc(F)ccc1-2,303.29,1.77,0,1991
CHEMBL408,TROGLITAZONE,Cc1c(C)c2c(c(C)c1O)CCC(C)(COc1ccc(CC3SC(=O)NC3=O)cc1)O2,441.55,4.37,0,1997
CHEMBL409,BICALUTAMIDE,CC(O)(CS(=O)(=O)c1ccc(F)cc1)C(=O)Nc1ccc(C#N)c(C(F)(F)F)c1,430.38,2.88,0,1995
CHEMBL12,DIAZEPAM,CN1C(=O)CN=C(c2ccccc2)c2cc(Cl)ccc21,284.75,3.15,0,1963
CHEMBL13,METOPROLOL,COCCc1ccc(OCC(O)CNC(C)C)cc1,267.37,1.61,0,1978
CHEMBL411,DIETHYLSTILBESTROL,CC/C(=C(/CC)c1ccc(O)cc1)c1ccc(O)cc1,268.36,4.83,0,1973
CHEMBL267936,MECAMYLAMINE,CNC1(C)C2CCC(C2)C1(C)C,167.30,2.42,0,1956
CHEMBL14,CARBACHOL,C[N+](C)(C)CCOC(N)=O.[Cl-],182.65,-0.21,0,1972
CHEMBL16,PHENYTOIN,O=C1NC(=O)C(c2ccccc2)(c2ccccc2)N1,252.27,1.77,0,1953
CHEMBL413,SIROLIMUS,CO[C@H]1C[C@@H]2CC[C@@H](C)[C@@](O)(O2)C(=O)C(=O)N2CCCC[C@H]2C(=O)O[C@H]([C@H](C)C[C@@H]2CC[C@@H](O)[C@H](OC)C2)CC(=O)[C@H](C)/C=C(\C)[C@@H](O)[C@@H](OC)C(=O)[C@H](C)C[C@H](C)/C=C/C=C/C=C/1C,914.19,6.18,3,1999
CHEMBL269732,TACROLIMUS ANHYDROUS,C=CC[C@@H]1/C=C(\C)C[C@H](C)C[C@H](OC)[C@H]2O[C@@](O)(C(=O)C(=O)N3CCCC[C@H]3C(=O)O[C@H](/C(C)=C/[C@@H]3CC[C@@H](O)[C@H](OC)C3)[C@H](C)[C@@H](O)CC1=O)[C@H](C)C[C@@H]2OC,804.03,4.64,2,1994
CHEMBL415,CLOMIPRAMINE,CN(C)CCCN1c2ccccc2CCc2ccc(Cl)cc21,314.86,4.53,0,1989
CHEMBL416,METHOXSALEN,COc1c2occc2cc2ccc(=O)oc12,216.19,2.55,0,1954
CHEMBL17,DICHLORPHENAMIDE,NS(=O)(=O)c1cc(Cl)c(Cl)c(S(N)(=O)=O)c1,305.16,0.29,0,1958
CHEMBL18,ETHOXZOLAMIDE,CCOc1ccc2nc(S(N)(=O)=O)sc2c1,258.32,1.34,0,1982
CHEMBL417,EPIRUBICIN,COc1cccc2c1C(=O)c1c(O)c3c(c(O)c1C2=O)C[C@@](O)(C(=O)CO)C[C@@H]3O[C@H]1C[C@H](N)[C@@H](O)[C@H](C)O1,543.53,0.00,3,1999
CHEMBL19,METHAZOLAMIDE,CC(=O)/N=c1/sc(S(N)(=O)=O)nn1C,236.28,-1.42,0,1959
CHEMBL20,ACETAZOLAMIDE,CC(=O)Nc1nnc(S(N)(=O)=O)s1,222.25,-0.86,0,1953
CHEMBL419,MAFENIDE,NCc1ccc(S(N)(=O)=O)cc1,186.24,-0.21,0,1969
CHEMBL21,SULFANILAMIDE,Nc1ccc(S(N)(=O)=O)cc1,172.21,-0.08,0,1985
CHEMBL420,GUANABENZ,N=C(N)N/N=C/c1c(Cl)cccc1Cl,231.09,1.81,0,1982
CHEMBL22,TRIMETHOPRIM,COc1cc(Cc2cnc(N)nc2N)cc(OC)c1OC,290.32,1.26,0,1973
CHEMBL6966,VERAPAMIL,COc1ccc(CCN(C)CCCC(C#N)(c2ccc(OC)c(OC)c2)C(C)C)cc1OC,454.61,5.09,1,1981
CHEMBL421,SULFASALAZINE,O=C(O)c1cc(/N=N/c2ccc(S(=O)(=O)Nc3ccccn3)cc2)ccc1O,398.40,3.70,0,1950
CHEMBL6466,COUMARIN,O=c1ccc2ccccc2o1,146.14,1.79,0,None
CHEMBL23,DILTIAZEM,COc1ccc([C@@H]2Sc3ccccc3N(CCN(C)C)C(=O)[C@@H]2OC(C)=O)cc1,414.53,3.37,0,1982
CHEMBL24,ATENOLOL,CC(C)NCC(O)COc1ccc(CC(N)=O)cc1,266.34,0.45,0,1981
CHEMBL25,ASPIRIN,CC(=O)Oc1ccccc1C(=O)O,180.16,1.31,0,1950
CHEMBL422,TRIFLUOPERAZINE,CN1CCN(CCCN2c3ccccc3Sc3ccc(C(F)(F)F)cc32)CC1,407.51,4.95,0,1959
CHEMBL26,SULPIRIDE,CCN1CCCC1CNC(=O)c1cc(S(N)(=O)=O)ccc1OC,341.43,0.56,0,None
CHEMBL423,BETAXOLOL,CC(C)NCC(O)COc1ccc(CCOCC2CC2)cc1,307.43,2.39,0,1985
CHEMBL424,SALICYLIC ACID,O=C(O)c1ccccc1O,138.12,1.09,0,None
CHEMBL425,OLSALAZINE,O=C(O)c1cc(/N=N/c2ccc(O)c(C(=O)O)c2)ccc1O,302.24,2.91,0,1990
CHEMBL27,PROPRANOLOL,CC(C)NCC(O)COc1cccc2ccccc12,259.35,2.58,0,1967
CHEMBL6995,PRACTOLOL,CC(=O)Nc1ccc(OCC(O)CNC(C)C)cc1,266.34,1.38,0,None
CHEMBL427,MECHLORETHAMINE,CN(CCCl)CCCl,156.06,1.40,0,1949
CHEMBL29,PENICILLIN G,CC1(C)S[C@@H]2[C@H](NC(=O)Cc3ccccc3)C(=O)N2[C@H]1C(=O)O,334.40,0.86,0,1947
CHEMBL428,TROVAFLOXACIN,N[C@@H]1[C@H]2CN(c3nc4c(cc3F)c(=O)c(C(=O)O)cn4-c3ccc(F)cc3F)C[C@@H]12,416.36,1.89,0,1997
CHEMBL30,CIMETIDINE,CN/C(=N\CCSCc1nc[nH]c1C)NC#N,252.35,0.60,0,1977
CHEMBL31,GATIFLOXACIN,COc1c(N2CCNC(C)C2)c(F)cc2c(=O)c(C(=O)O)cn(C3CC3)c12,375.40,1.98,0,1999
CHEMBL429,LABETALOL,CC(CCc1ccccc1)NCC(O)c1ccc(O)c(C(N)=O)c1,328.41,2.14,0,1984
CHEMBL32,MOXIFLOXACIN,COc1c(N2C[C@@H]3CCCN[C@@H]3C2)c(F)cc2c(=O)c(C(=O)O)cn(C3CC3)c12,401.44,2.37,0,1999
CHEMBL33,LEVOFLOXACIN ANHYDROUS,C[C@H]1COc2c(N3CCN(C)CC3)c(F)cc3c(=O)c(C(=O)O)cn1c23,361.37,1.54,0,1996
CHEMBL430,GEMIFLOXACIN,CO/N=C1\CN(c2nc3c(cc2F)c(=O)c(C(=O)O)cn3C2CC2)CC1CN,389.39,0.97,0,2003
CHEMBL431,SPIRAPRIL,CCOC(=O)[C@H](CCc1ccccc1)N[C@@H](C)C(=O)N1CC2(C[C@H]1C(=O)O)SCCS2,466.63,2.39,0,1994
CHEMBL433,VALPROATE SODIUM,CCCC(CCC)C(=O)[O-].[Na+],166.20,2.29,0,1996
CHEMBL434,ISOPROTERENOL,CC(C)NCC(O)c1ccc(O)c(O)c1,211.26,1.13,0,1956
CHEMBL435,HYDROCHLOROTHIAZIDE,NS(=O)(=O)c1cc2c(cc1Cl)NCNS2(=O)=O,297.75,-0.35,0,1959
CHEMBL35,FUROSEMIDE,NS(=O)(=O)c1cc(C(=O)O)c(NCc2ccco2)cc1Cl,330.75,1.89,0,1966
CHEMBL36,PYRIMETHAMINE,CCc1nc(N)nc(N)c1-c1ccc(Cl)cc1,248.72,2.52,0,1953
CHEMBL436,TOLRESTAT,COc1ccc2c(C(=S)N(C)CC(=O)O)cccc2c1C(F)(F)F,357.35,3.56,0,1989
CHEMBL437,SULFATHIAZOLE,Nc1ccc(S(=O)(=O)Nc2nccs2)cc1,255.32,1.53,0,1945
CHEMBL438,SULFAMERAZINE,Cc1ccnc(NS(=O)(=O)c2ccc(N)cc2)n1,264.31,1.17,0,1982
CHEMBL439,SULFADIAZINE,Nc1ccc(S(=O)(=O)Nc2ncccn2)cc1,250.28,0.86,0,1941
CHEMBL440,THIAMYLAL,C=CCC1(C(C)CCC)C(=O)NC(=S)NC1=O,254.35,1.52,0,1982
CHEMBL441,THIOPENTAL,CCCC(C)C1(CC)C(=O)NC(=S)NC1=O,242.34,1.35,0,1982
CHEMBL268164,CYCLOBARBITAL,CCC1(C2=CCCCC2)C(=O)NC(=O)NC1=O,236.27,1.25,0,None
CHEMBL442,ERGOTAMINE,CN1C[C@H](C(=O)N[C@]2(C)O[C@@]3(O)[C@@H]4CCCN4C(=O)[C@H](Cc4ccccc4)N3C2=O)C=C2c3cccc4[nH]cc(c34)C[C@H]21,581.67,1.99,1,1948
CHEMBL38,TRETINOIN,CC1=C(/C=C/C(C)=C/C=C/C(C)=C/C(=O)O)C(C)(C)CCC1,300.44,5.60,1,1971
CHEMBL7413,METHOHEXITAL,C=CCC1(C(C)C#CCC)C(=O)NC(=O)N(C)C1=O,262.31,1.31,0,1960
CHEMBL40,PHENOBARBITAL,CCC1(c2ccccc2)C(=O)NC(=O)NC1=O,232.24,0.70,0,2022
CHEMBL41,FLUOXETINE,CNCCC(Oc1ccc(C(F)(F)F)cc1)c1ccccc1,309.33,4.44,0,1987
CHEMBL443,SULFAMETHOXAZOLE,Cc1cc(NS(=O)(=O)c2ccc(N)cc2)no1,253.28,1.37,0,1973
CHEMBL444,BARBITAL,CCC1(CC)C(=O)NC(=O)NC1=O,184.19,0.16,0,None
CHEMBL42,CLOZAPINE,CN1CCN(C2=Nc3cc(Cl)ccc3Nc3ccccc32)CC1,326.83,3.72,0,1989
CHEMBL445,NORTRIPTYLINE,CNCCC=C1c2ccccc2CCc2ccccc21,263.38,3.83,0,1964
CHEMBL446,SULFAMETHAZINE,Cc1cc(C)nc(NS(=O)(=O)c2ccc(N)cc2)n1,278.34,1.48,0,1949
CHEMBL447,SECOBARBITAL,C=CCC1(C(C)CCC)C(=O)NC(=O)NC1=O,238.29,1.35,0,1950
CHEMBL448,PENTOBARBITAL,CCCC(C)C1(CC)C(=O)NC(=O)NC1=O,226.28,1.18,0,1973
CHEMBL7568,QUINACRINE,CCN(CC)CCCC(C)Nc1c2ccc(Cl)cc2nc2ccc(OC)cc12,399.97,5.97,1,None
CHEMBL267894,AMOBARBITAL,CCC1(CCC(C)C)C(=O)NC(=O)NC1=O,226.28,1.18,0,None
CHEMBL7728,HEXOBARBITAL,CN1C(=O)NC(=O)C(C)(C2=CCCCC2)C1=O,236.27,1.20,0,None
CHEMBL449,BUTABARBITAL,CCC(C)C1(CC)C(=O)NC(=O)NC1=O,212.25,0.79,0,1939
CHEMBL7863,APROBARBITAL,C=CCC1(C(C)C)C(=O)NC(=O)NC1=O,210.23,0.57,0,None
CHEMBL450,METHARBITAL,CCC1(CC)C(=O)NC(=O)N(C)C1=O,198.22,0.50,0,1982
CHEMBL451,CHLORDIAZEPOXIDE,CNC1=Nc2ccc(Cl)cc2C(c2ccccc2)=[N+]([O-])C1,299.76,2.95,0,1960
CHEMBL266349,MELAGATRAN,N=C(N)c1ccc(CNC(=O)[C@@H]2CCN2C(=O)[C@H](NCC(=O)O)C2CCCCC2)cc1,429.52,0.81,0,2004
CHEMBL452,CLONAZEPAM,O=C1CN=C(c2ccccc2Cl)c2cc([N+](=O)[O-])ccc2N1,315.72,3.04,0,1975
CHEMBL453,SULFISOXAZOLE,Cc1noc(NS(=O)(=O)c2ccc(N)cc2)c1C,267.31,1.67,0,1971
CHEMBL268869,SULFAMETHOXYPYRIDAZINE,COc1ccc(NS(=O)(=O)c2ccc(N)cc2)nn1,280.31,0.87,0,None
CHEMBL454,BUTALBITAL,C=CCC1(CC(C)C)C(=O)NC(=O)NC1=O,224.26,0.96,0,1983
CHEMBL455,SULFACETAMIDE,CC(=O)NS(=O)(=O)c1ccc(N)cc1,214.25,0.09,0,1945
CHEMBL43,AMSACRINE,COc1cc(NS(C)(=O)=O)ccc1Nc1c2ccccc2nc2ccccc12,393.47,4.51,0,1987
CHEMBL456,ETHACRYNIC ACID,C=C(CC)C(=O)c1ccc(OCC(=O)O)c(Cl)c1Cl,303.14,3.61,0,1967
CHEMBL267744,TICRYNAFEN,O=C(O)COc1ccc(C(=O)c2cccs2)c(Cl)c1Cl,331.18,3.75,0,1979
CHEMBL457,GEMFIBROZIL,Cc1ccc(C)c(OCCCC(C)(C)C(=O)O)c1,250.34,3.57,0,1981
CHEMBL45,MELATONIN,COc1ccc2[nH]cc(CCNC(C)=O)c2c1,232.28,1.86,0,2007
CHEMBL46,ONDANSETRON,Cc1nccn1CC1CCc2c(c3ccccc3n2C)C1=O,293.37,3.13,0,1991
CHEMBL49,BUSPIRONE,O=C1CC2(CCCC2)CC(=O)N1CCCCN1CCN(c2ncccn2)CC1,385.51,2.09,0,1986
CHEMBL51,KETANSERIN,O=C(c1ccc(F)cc1)C1CCN(CCn2c(=O)[nH]c3ccccc3c2=O)CC1,395.43,2.42,0,None
CHEMBL459,METHYLDOPA,C[C@](N)(Cc1ccc(O)c(O)c1)C(=O)O,211.22,0.44,0,1962
CHEMBL460,MOLINDONE,CCc1c(C)[nH]c2c1C(=O)C(CN1CCOCC1)CC2,276.38,1.96,0,1974
CHEMBL53,APOMORPHINE,CN1CCc2cccc3c2[C@H]1Cc1ccc(O)c(O)c1-3,267.33,2.85,0,2001
CHEMBL54,HALOPERIDOL,O=C(CCCN1CCC(O)(c2ccc(Cl)cc2)CC1)c1ccc(F)cc1,375.87,4.43,0,1967
CHEMBL55,PENTAMIDINE,N=C(N)c1ccc(OCCCCCOc2ccc(C(=N)N)cc2)cc1,340.43,2.88,0,1984
CHEMBL463,AMINOHIPPURIC ACID,Nc1ccc(C(=O)NCC(=O)O)cc1,194.19,0.08,0,1982
CHEMBL464,ETRETINATE,CCOC(=O)/C=C(C)/C=C/C=C(C)/C=C/c1c(C)cc(OC)c(C)c1C,354.49,5.65,1,1986
CHEMBL57,NEVIRAPINE,Cc1ccnc2c1NC(=O)c1cccnc1N2C1CC1,266.30,2.65,0,1996
CHEMBL465,DRONABINOL,CCCCCc1cc(O)c2c(c1)OC(C)(C)[C@@H]1CCC(C)=C[C@@H]21,314.47,5.74,1,1985
CHEMBL58,MITOXANTRONE,O=C1c2c(O)ccc(O)c2C(=O)c2c(NCCNCCO)ccc(NCCNCCO)c21,444.49,-0.14,1,1987
CHEMBL59,DOPAMINE,NCCc1ccc(O)c(O)c1,153.18,0.60,0,1974
CHEMBL467,HYDROXYUREA,NC(=O)NO,76.05,-0.96,0,1967
CHEMBL61,PODOFILOX,COc1cc([C@@H]2c3cc4c(cc3[C@H](O)[C@H]3COC(=O)[C@H]23)OCO4)cc(OC)c1OC,414.41,2.41,0,1990
CHEMBL64,ISONIAZID,NNC(=O)c1ccncc1,137.14,-0.31,0,1952
CHEMBL468,THALIDOMIDE,O=C1CCC(N2C(=O)c3ccccc3C2=O)C(=O)N1,258.23,0.09,0,1956
CHEMBL469,KETOROLAC,O=C(c1ccccc1)c1ccc2n1CCC2C(=O)O,255.27,2.29,0,1989
CHEMBL471,SOTALOL,CC(C)NCC(O)c1ccc(NS(C)(=O)=O)cc1,272.37,1.09,0,1992
CHEMBL472,GLYBURIDE,COc1ccc(Cl)cc1C(=O)NCCc1ccc(S(=O)(=O)NC(=O)NC2CCCCC2)cc1,494.01,3.64,0,1984
CHEMBL9225,HEXESTROL,CC[C@H](c1ccc(O)cc1)[C@@H](CC)c1ccc(O)cc1,270.37,4.79,0,None
CHEMBL473,DOFETILIDE,CN(CCOc1ccc(NS(C)(=O)=O)cc1)CCc1ccc(NS(C)(=O)=O)cc1,441.58,1.98,0,1999
CHEMBL476,DACARBAZINE,CN(C)/N=N/c1[nH]cnc1C(N)=O,182.19,0.07,0,1975
CHEMBL477,ADENOSINE,Nc1ncnc2c1ncn2[C@@H]1O[C@H](CO)[C@@H](O)[C@H]1O,267.25,-1.98,0,1989
CHEMBL479,THIORIDAZINE,CSc1ccc2c(c1)N(CCC1CCCCN1C)c1ccccc1S2,370.59,5.89,1,1962
CHEMBL480,LANSOPRAZOLE,Cc1c(OCC(F)(F)F)ccnc1C[S+]([O-])c1nc2ccccc2[nH]1,369.37,3.52,0,1995
CHEMBL481,IRINOTECAN,CCc1c2c(nc3ccc(OC(=O)N4CCC(N5CCCCC5)CC4)cc13)-c1cc3c(c(=O)n1C2)COC(=O)[C@]3(O)CC,586.69,4.09,1,1996
CHEMBL70,MORPHINE,CN1CC[C@]23c4c5ccc(O)c4O[C@H]2[C@@H](O)C=C[C@H]3[C@H]1C5,285.34,1.20,0,1984
CHEMBL485,CODEINE,COc1ccc2c3c1O[C@H]1[C@@H](O)C=C[C@H]4[C@@H](C2)N(C)CC[C@@]341,299.37,1.50,0,1952
CHEMBL71,CHLORPROMAZINE,CN(C)CCCN1c2ccccc2Sc2ccc(Cl)cc21,318.87,4.89,0,1957
CHEMBL72,DESIPRAMINE,CNCCCN1c2ccccc2CCc2ccccc21,266.39,3.53,0,1964
CHEMBL488,AMINOGLUTETHIMIDE,CCC1(c2ccc(N)cc2)CCC(=O)NC1=O,232.28,1.35,0,1980
CHEMBL74,CROMOLYN SODIUM,O=C([O-])c1cc(=O)c2c(OCC(O)COc3cccc4oc(C(=O)[O-])cc(=O)c34)cccc2o1.[Na+].[Na+],512.33,2.11,0,1982
CHEMBL76,CHLOROQUINE,CCN(CC)CCCC(C)Nc1ccnc2cc(Cl)ccc12,319.88,4.81,0,1949
CHEMBL490,PAROXETINE,Fc1ccc([C@@H]2CCNC[C@H]2COc2ccc3c(c2)OCO3)cc1,329.37,3.33,0,1992
CHEMBL416146,ETORICOXIB,Cc1ccc(-c2ncc(Cl)cc2-c2ccc(S(C)(=O)=O)cc2)cn1,358.85,4.18,0,None
CHEMBL79,LIDOCAINE,CCN(CC)CC(=O)Nc1c(C)cccc1C,234.34,2.58,0,1948
CHEMBL9967,PIRENZEPINE,CN1CCN(CC(=O)N2c3ccccc3C(=O)Nc3cccnc32)CC1,351.41,1.56,0,None
CHEMBL492,ETIDOCAINE,CCCN(CC)C(CC)C(=O)Nc1c(C)cccc1C,276.42,3.75,0,1976
CHEMBL80,NALOXONE,C=CCN1CC[C@]23c4c5ccc(O)c4O[C@H]2C(=O)CC[C@@]3(O)[C@H]1C5,327.38,1.30,0,1971
CHEMBL81,RALOXIFENE,O=C(c1ccc(OCCN2CCCCC2)cc1)c1c(-c2ccc(O)cc2)sc2cc(O)ccc12,473.59,6.08,1,1997
CHEMBL83,TAMOXIFEN,CC/C(=C(\c1ccccc1)c1ccc(OCCN(C)C)cc1)c1ccccc1,371.52,6.00,1,1977
CHEMBL493,BROMOCRIPTINE,CC(C)C[C@H]1C(=O)N2CCC[C@H]2[C@]2(O)O[C@](NC(=O)[C@@H]3C=C4c5cccc6[nH]c(Br)c(c56)C[C@H]4N(C)C3)(C(C)C)C(=O)N12,654.61,3.19,1,1978
CHEMBL494,ILOPROST,CC#CCC(C)[C@H](O)/C=C/[C@@H]1[C@H]2C/C(=C/CCCC(=O)O)C[C@H]2C[C@H]1O,360.49,3.54,0,2003
CHEMBL84,TOPOTECAN,CC[C@@]1(O)C(=O)OCc2c1cc1n(c2=O)Cc2cc3c(CN(C)C)c(O)ccc3nc2-1,421.45,1.85,0,1996
CHEMBL85,RISPERIDONE,Cc1nc2n(c(=O)c1CCN1CCC(c3noc4cc(F)ccc34)CC1)CCCC2,410.49,3.59,0,1993
CHEMBL428880,CROMOLYN,O=C(O)c1cc(=O)c2c(OCC(O)COc3cccc4oc(C(=O)O)cc(=O)c34)cccc2o1,468.37,2.11,0,1982
CHEMBL86,METOCLOPRAMIDE,CCN(CC)CCNC(=O)c1cc(Cl)c(N)cc1OC,299.80,2.00,0,1979
CHEMBL428647,PACLITAXEL,CC(=O)O[C@H]1C(=O)[C@@]2(C)[C@H]([C@H](OC(=O)c3ccccc3)[C@]3(O)C[C@H](OC(=O)[C@H](O)[C@@H](NC(=O)c4ccccc4)c4ccccc4)C(C)=C1C3(C)C)[C@]1(OC(C)=O)CO[C@@H]1C[C@@H]2O,853.92,3.74,2,1992
CHEMBL495,ALPROSTADIL,CCCCC[C@H](O)/C=C/[C@H]1[C@H](O)CC(=O)[C@@H]1CCCCCCC(=O)O,354.49,3.48,0,1981
CHEMBL496,HEXACHLOROPHENE,Oc1c(Cl)cc(Cl)c(Cl)c1Cc1c(O)c(Cl)cc(Cl)c1Cl,406.91,6.61,1,1949
CHEMBL497,CLIOQUINOL,Oc1c(I)cc(Cl)c2cccnc12,305.50,3.20,0,1934
CHEMBL10878,AGOMELATINE,COc1ccc2cccc(CCNC(C)=O)c2c1,243.31,2.53,0,2009
CHEMBL88,CYCLOPHOSPHAMIDE ANHYDROUS,O=P1(N(CCCl)CCCl)NCCCO1,261.09,1.88,0,1959
CHEMBL498,CHLORPROPAMIDE,CCCNC(=O)NS(=O)(=O)c1ccc(Cl)cc1,276.75,1.74,0,1958
CHEMBL499,TIMOLOL,CC(C)(C)NC[C@H](O)COc1nsnc1N1CCOCC1,316.43,0.50,0,1978
CHEMBL500,PINDOLOL,CC(C)NCC(O)COc1cccc2[nH]ccc12,248.33,1.91,0,1982
CHEMBL276832,HYDRALAZINE,NNc1nncc2ccccc12,160.18,0.92,0,1953
CHEMBL501,AMPHETAMINE SULFATE,CC(N)Cc1ccccc1.O=S(=O)(O)O,233.29,1.58,0,1960
CHEMBL267345,AMPHOTERICIN B,C[C@@H]1[C@H](O)[C@@H](C)/C=C/C=C/C=C/C=C/C=C/C=C/C=C/[C@H](O[C@@H]2O[C@H](C)[C@@H](O)[C@H](N)[C@@H]2O)C[C@@H]2O[C@](O)(C[C@@H](O)C[C@@H](O)[C@H](O)CC[C@@H](O)C[C@@H](O)CC(=O)O[C@H]1C)C[C@H](O)[C@H]2C(=O)O,924.09,0.71,3,1964
CHEMBL90,HISTAMINE,NCCc1c[nH]cn1,111.15,-0.09,0,1939
CHEMBL91,MICONAZOLE,Clc1ccc(COC(Cn2ccnc2)c2ccc(Cl)cc2Cl)c(Cl)c1,416.13,6.45,1,1974
CHEMBL92,DOCETAXEL ANHYDROUS,CC(=O)O[C@@]12CO[C@@H]1C[C@H](O)[C@@]1(C)C(=O)[C@H](O)C3=C(C)[C@@H](OC(=O)[C@H](O)[C@@H](NC(=O)OC(C)(C)C)c4ccccc4)C[C@@](O)([C@@H](OC(=O)c4ccccc4)[C@H]21)C3(C)C,807.89,3.26,2,1995
CHEMBL93,ZILEUTON,CC(c1cc2ccccc2s1)N(O)C(N)=O,236.30,2.73,0,1996
CHEMBL94,PHYSOSTIGMINE,CNC(=O)Oc1ccc2c(c1)[C@]1(C)CCN(C)[C@@H]1N2C,275.35,1.77,0,None
CHEMBL95,TACRINE,Nc1c2c(nc3ccccc13)CCCC2,198.27,2.70,0,1993
CHEMBL502,DONEPEZIL,COc1cc2c(cc1OC)C(=O)C(CC1CCN(Cc3ccccc3)CC1)C2,379.50,4.36,0,1996
CHEMBL503,LOVASTATIN,CC[C@H](C)C(=O)O[C@H]1C[C@@H](C)C=C2C=C[C@H](C)[C@H](CC[C@@H]3C[C@@H](O)CC(=O)O3)[C@H]21,404.55,4.20,0,1987
CHEMBL11662,OZAGREL,O=C(O)/C=C/c1ccc(Cn2ccnc2)cc1,228.25,2.03,0,1988
CHEMBL12610,BENZYDAMINE,CN(C)CCCOc1nn(Cc2ccccc2)c2ccccc12,309.41,3.42,0,None
CHEMBL269644,ACETANILIDE,CC(=O)Nc1ccccc1,135.17,1.65,0,None
CHEMBL504,DIMETHYL SULFOXIDE,C[S+](C)[O-],78.14,-0.01,0,1978
CHEMBL505,CHLORPHENIRAMINE,CN(C)CCC(c1ccc(Cl)cc1)c1ccccn1,274.80,3.82,0,1950
CHEMBL506,PRIMAQUINE,COc1cc(NC(C)CCCN)c2ncccc2c1,259.35,2.78,0,1952
CHEMBL509,MECLOFENAMIC ACID,Cc1ccc(Cl)c(Nc2ccccc2C(=O)O)c1Cl,296.15,4.74,0,1980
CHEMBL511,PYRILAMINE,COc1ccc(CN(CCN(C)C)c2ccccn2)cc1,285.39,2.66,0,1973
CHEMBL12713,SERTINDOLE,O=C1NCCN1CCN1CCC(c2cn(-c3ccc(F)cc3)c3ccc(Cl)cc23)CC1,440.95,4.63,0,1996
CHEMBL513,CARMUSTINE,O=NN(CCCl)C(=O)NCCCl,214.05,1.16,0,1977
CHEMBL514,LOMUSTINE,O=NN(CCCl)C(=O)NC1CCCCC1,233.70,2.25,0,1976
CHEMBL515,CHLORAMBUCIL,O=C(O)CCCc1ccc(N(CCCl)CCCl)cc1,304.22,3.38,0,1957
CHEMBL516,CYPROHEPTADINE,CN1CCC(=C2c3ccccc3C=Cc3ccccc32)CC1,287.41,4.70,0,1961
CHEMBL12856,INAMRINONE,Nc1cc(-c2ccncc2)c[nH]c1=O,187.20,1.02,0,1984
CHEMBL517,DISOPYRAMIDE,CC(C)N(CCC(C(N)=O)(c1ccccc1)c1ccccn1)C(C)C,339.48,3.36,0,1977
CHEMBL98,VORINOSTAT,O=C(CCCCCCC(=O)Nc1ccccc1)NO,264.32,2.47,0,2006
CHEMBL521,IBUPROFEN,CC(C)Cc1ccc(C(C)C(=O)O)cc1,206.28,3.07,0,1974
CHEMBL13376,CLOMETACIN,COc1ccc2c(C(=O)c3ccc(Cl)cc3)c(C)n(CC(=O)O)c2c1,357.79,3.93,0,None
CHEMBL13280,FLUNITRAZEPAM,CN1C(=O)CN=C(c2ccccc2F)c2cc([N+](=O)[O-])ccc21,313.29,2.55,0,None
CHEMBL13209,NITRAZEPAM,O=C1CN=C(c2ccccc2)c2cc([N+](=O)[O-])ccc2N1,281.27,2.38,0,None
CHEMBL524,METHOXAMINE,COc1ccc(OC)c(C(O)C(C)N)c1,211.26,1.08,0,1982
CHEMBL526,PROPOFOL,CC(C)c1cccc(C(C)C)c1O,178.27,3.64,0,1989
CHEMBL527,PIROXICAM,CN1C(C(=O)Nc2ccccn2)=C(O)c2ccccc2S1(=O)=O,331.35,1.58,0,1982
CHEMBL528,CEFTIZOXIME,CO/N=C(\C(=O)N[C@@H]1C(=O)N2C(C(=O)O)=CCS[C@H]12)c1csc(N)n1,383.41,-0.56,0,1983
CHEMBL101,PHENYLBUTAZONE,CCCCC1C(=O)N(c2ccccc2)N(c2ccccc2)C1=O,308.38,3.79,0,1980
CHEMBL529,AZITHROMYCIN,CC[C@H]1OC(=O)[C@H](C)[C@@H](O[C@H]2C[C@@](C)(OC)[C@@H](O)[C@H](C)O2)[C@H](C)[C@@H](O[C@@H]2O[C@H](C)C[C@H](N(C)C)[C@H]2O)[C@](C)(O)C[C@@H](C)CN(C)[C@H](C)[C@@H](O)[C@]1(C)O,749.00,1.90,2,1991
CHEMBL530,AMDINOCILLIN,CC1(C)S[C@@H]2[C@H](/N=C/N3CCCCCC3)C(=O)N2[C@H]1C(=O)O,325.43,1.41,0,1984
CHEMBL531,PERGOLIDE,CCCN1C[C@H](CSC)C[C@@H]2c3cccc4[nH]cc(c34)C[C@H]21,314.50,4.27,0,1988
CHEMBL532,ERYTHROMYCIN,CC[C@H]1OC(=O)[C@H](C)[C@@H](O[C@H]2C[C@@](C)(OC)[C@@H](O)[C@H](C)O2)[C@H](C)[C@@H](O[C@@H]2O[C@H](C)C[C@H](N(C)C)[C@H]2O)[C@](C)(O)C[C@@H](C)C(=O)[C@H](C)[C@@H](O)[C@]1(C)O,733.94,1.79,2,1964
